external_id,canonical_name,destination_key,category,tag_code,weight,source_type,source_ref,reason,semantic_status,runtime_eligible,semantic_data_version,status_reason
da_lat:bao_tang_madame_de,Bảo Tàng Madame De,da_lat,heritage,cultural,0.8,CATEGORY_RULE,place_catalog_v11.csv:category,category=heritage,PARTIAL,false,semantic-v1,category-derived baseline exists but enrichment evidence remains limited
da_lat:bao_tang_madame_de,Bảo Tàng Madame De,da_lat,heritage,heritage,1.0,CATEGORY_RULE,place_catalog_v11.csv:category,category=heritage,PARTIAL,false,semantic-v1,category-derived baseline exists but enrichment evidence remains limited
da_lat:bao_tang_madame_de,Bảo Tàng Madame De,da_lat,heritage,historical,0.8,CATEGORY_RULE,place_catalog_v11.csv:category,category=heritage,PARTIAL,false,semantic-v1,category-derived baseline exists but enrichment evidence remains limited
da_lat:bao_tang_madame_de,Bảo Tàng Madame De,da_lat,heritage,museum,1.0,CATALOG_NAME_RULE,place_catalog_v11.csv:canonical_name,canonical name indicates museum,PARTIAL,false,semantic-v1,category-derived baseline exists but enrichment evidence remains limited
da_lat:cafe_me_linh,Cafe Mê Linh,da_lat,food,cafe,1.0,CATALOG_NAME_RULE,place_catalog_v11.csv:canonical_name,canonical name indicates cafe,READY,true,semantic-v1,core identity plus experience semantics are supported by catalog-name/manual evidence
da_lat:cafe_me_linh,Cafe Mê Linh,da_lat,food,cafe_meeting,0.8,CATALOG_NAME_RULE,place_catalog_v11.csv:canonical_name,canonical name indicates cafe meeting context,READY,true,semantic-v1,core identity plus experience semantics are supported by catalog-name/manual evidence
da_lat:cafe_me_linh,Cafe Mê Linh,da_lat,food,food,1.0,CATEGORY_RULE,place_catalog_v11.csv:category,category=food,READY,true,semantic-v1,core identity plus experience semantics are supported by catalog-name/manual evidence
da_lat:cafe_me_linh,Cafe Mê Linh,da_lat,food,local_food,0.8,CATEGORY_RULE,place_catalog_v11.csv:category,category=food,READY,true,semantic-v1,core identity plus experience semantics are supported by catalog-name/manual evidence
da_lat:cafe_me_linh,Cafe Mê Linh,da_lat,food,social,0.3,CATALOG_NAME_RULE,place_catalog_v11.csv:canonical_name,canonical name indicates social browsing or meeting context,READY,true,semantic-v1,core identity plus experience semantics are supported by catalog-name/manual evidence
da_lat:cafe_mien_du_muc,Cafe Miền Du Mục,da_lat,food,cafe,1.0,CATALOG_NAME_RULE,place_catalog_v11.csv:canonical_name,canonical name indicates cafe,READY,false,semantic-v1,core identity plus experience semantics are supported by catalog-name/manual evidence
da_lat:cafe_mien_du_muc,Cafe Miền Du Mục,da_lat,food,cafe_meeting,0.8,CATALOG_NAME_RULE,place_catalog_v11.csv:canonical_name,canonical name indicates cafe meeting context,READY,false,semantic-v1,core identity plus experience semantics are supported by catalog-name/manual evidence
da_lat:cafe_mien_du_muc,Cafe Miền Du Mục,da_lat,food,food,1.0,CATEGORY_RULE,place_catalog_v11.csv:category,category=food,READY,false,semantic-v1,core identity plus experience semantics are supported by catalog-name/manual evidence
da_lat:cafe_mien_du_muc,Cafe Miền Du Mục,da_lat,food,local_food,0.8,CATEGORY_RULE,place_catalog_v11.csv:category,category=food,READY,false,semantic-v1,core identity plus experience semantics are supported by catalog-name/manual evidence
da_lat:cafe_mien_du_muc,Cafe Miền Du Mục,da_lat,food,social,0.3,CATALOG_NAME_RULE,place_catalog_v11.csv:canonical_name,canonical name indicates social browsing or meeting context,READY,false,semantic-v1,core identity plus experience semantics are supported by catalog-name/manual evidence
da_lat:canh_dong_hoa_cam_tu_cau,Cánh Đồng Hoa Cẩm Tú Cầu,da_lat,nature,iconic,0.8,CATALOG_NAME_RULE,place_catalog_v11.csv:canonical_name,canonical name indicates iconic landmark,READY,false,semantic-v1,core identity plus experience semantics are supported by catalog-name/manual evidence
da_lat:canh_dong_hoa_cam_tu_cau,Cánh Đồng Hoa Cẩm Tú Cầu,da_lat,nature,nature,1.0,CATEGORY_RULE,place_catalog_v11.csv:category,category=nature,READY,false,semantic-v1,core identity plus experience semantics are supported by catalog-name/manual evidence
da_lat:canh_dong_hoa_cam_tu_cau,Cánh Đồng Hoa Cẩm Tú Cầu,da_lat,nature,photo_spot,0.6,CATALOG_NAME_RULE,place_catalog_v11.csv:canonical_name,canonical name indicates scenic/check-in/photo context,READY,false,semantic-v1,core identity plus experience semantics are supported by catalog-name/manual evidence
da_lat:canh_dong_hoa_cam_tu_cau,Cánh Đồng Hoa Cẩm Tú Cầu,da_lat,nature,scenic,0.8,CATALOG_NAME_RULE,place_catalog_v11.csv:canonical_name,canonical name indicates scenic landscape,READY,false,semantic-v1,core identity plus experience semantics are supported by catalog-name/manual evidence
da_lat:cho_da_lat,Chợ Đà Lạt,da_lat,market,crowded,0.8,MANUAL_REVIEW,docs/SEMANTIC_ENRICHMENT_V1_FINAL.md:place-example,central visitor market is often crowded,READY,true,semantic-v1,core identity plus experience semantics are supported by catalog-name/manual evidence
da_lat:cho_da_lat,Chợ Đà Lạt,da_lat,market,food,0.8,CATALOG_NAME_RULE,place_catalog_v11.csv:canonical_name,canonical name indicates food/food-adjacent experience,READY,true,semantic-v1,core identity plus experience semantics are supported by catalog-name/manual evidence
da_lat:cho_da_lat,Chợ Đà Lạt,da_lat,market,local,0.8,CATEGORY_RULE,place_catalog_v11.csv:category,category=market,READY,true,semantic-v1,core identity plus experience semantics are supported by catalog-name/manual evidence
da_lat:cho_da_lat,Chợ Đà Lạt,da_lat,market,local_market,0.8,CATALOG_NAME_RULE,place_catalog_v11.csv:canonical_name,canonical name indicates local market,READY,true,semantic-v1,core identity plus experience semantics are supported by catalog-name/manual evidence
da_lat:cho_da_lat,Chợ Đà Lạt,da_lat,market,market,1.0,CATEGORY_RULE,place_catalog_v11.csv:category,category=market,READY,true,semantic-v1,core identity plus experience semantics are supported by catalog-name/manual evidence
da_lat:cho_da_lat,Chợ Đà Lạt,da_lat,market,night_activity,0.6,MANUAL_REVIEW,docs/SEMANTIC_ENRICHMENT_V1_FINAL.md:place-example,Da Lat market is linked to night-market activity in destination context,READY,true,semantic-v1,core identity plus experience semantics are supported by catalog-name/manual evidence
da_lat:cho_da_lat,Chợ Đà Lạt,da_lat,market,photo_spot,0.3,MANUAL_REVIEW,docs/SEMANTIC_ENRICHMENT_V1_FINAL.md:place-example,central market can support light check-in behavior,READY,true,semantic-v1,core identity plus experience semantics are supported by catalog-name/manual evidence
da_lat:cho_da_lat,Chợ Đà Lạt,da_lat,market,social,0.6,MANUAL_REVIEW,docs/SEMANTIC_ENRICHMENT_V1_FINAL.md:place-example,market visit supports social/group browsing,READY,true,semantic-v1,core identity plus experience semantics are supported by catalog-name/manual evidence
da_lat:cho_da_lat,Chợ Đà Lạt,da_lat,market,urban,0.6,CATALOG_NAME_RULE,place_catalog_v11.csv:canonical_name,canonical name indicates urban/central context,READY,true,semantic-v1,core identity plus experience semantics are supported by catalog-name/manual evidence
da_lat:chua_linh_an,Chùa Linh Ẩn,da_lat,heritage,cultural,0.8,CATEGORY_RULE,place_catalog_v11.csv:category,category=heritage,PARTIAL,true,semantic-v1,category-derived baseline exists but enrichment evidence remains limited
da_lat:chua_linh_an,Chùa Linh Ẩn,da_lat,heritage,heritage,1.0,CATEGORY_RULE,place_catalog_v11.csv:category,category=heritage,PARTIAL,true,semantic-v1,category-derived baseline exists but enrichment evidence remains limited
da_lat:chua_linh_an,Chùa Linh Ẩn,da_lat,heritage,historical,0.8,CATEGORY_RULE,place_catalog_v11.csv:category,category=heritage,PARTIAL,true,semantic-v1,category-derived baseline exists but enrichment evidence remains limited
da_lat:chua_linh_phuoc,Chùa Linh Phước,da_lat,heritage,cultural,0.8,CATEGORY_RULE,place_catalog_v11.csv:category,category=heritage,PARTIAL,true,semantic-v1,category-derived baseline exists but enrichment evidence remains limited
da_lat:chua_linh_phuoc,Chùa Linh Phước,da_lat,heritage,heritage,1.0,CATEGORY_RULE,place_catalog_v11.csv:category,category=heritage,PARTIAL,true,semantic-v1,category-derived baseline exists but enrichment evidence remains limited
da_lat:chua_linh_phuoc,Chùa Linh Phước,da_lat,heritage,historical,0.8,CATEGORY_RULE,place_catalog_v11.csv:category,category=heritage,PARTIAL,true,semantic-v1,category-derived baseline exists but enrichment evidence remains limited
da_lat:chua_thien_vuong_co_sat,Chùa Thiên Vương Cổ Sát,da_lat,heritage,cultural,0.8,CATEGORY_RULE,place_catalog_v11.csv:category,category=heritage,PARTIAL,true,semantic-v1,category-derived baseline exists but enrichment evidence remains limited
da_lat:chua_thien_vuong_co_sat,Chùa Thiên Vương Cổ Sát,da_lat,heritage,heritage,1.0,CATEGORY_RULE,place_catalog_v11.csv:category,category=heritage,PARTIAL,true,semantic-v1,category-derived baseline exists but enrichment evidence remains limited
da_lat:chua_thien_vuong_co_sat,Chùa Thiên Vương Cổ Sát,da_lat,heritage,historical,0.8,CATEGORY_RULE,place_catalog_v11.csv:category,category=heritage,PARTIAL,true,semantic-v1,category-derived baseline exists but enrichment evidence remains limited
da_lat:cong_troi_bali_green_hill,Cổng Trời Bali Green Hill,da_lat,landmark,iconic,0.8,CATALOG_NAME_RULE,place_catalog_v11.csv:canonical_name,canonical name indicates iconic landmark,READY,false,semantic-v1,core identity plus experience semantics are supported by catalog-name/manual evidence
da_lat:cong_troi_bali_green_hill,Cổng Trời Bali Green Hill,da_lat,landmark,landmark,1.0,CATEGORY_RULE,place_catalog_v11.csv:category,category=landmark,READY,false,semantic-v1,core identity plus experience semantics are supported by catalog-name/manual evidence
da_lat:cong_troi_bali_green_hill,Cổng Trời Bali Green Hill,da_lat,landmark,photo_spot,0.8,CATEGORY_RULE,place_catalog_v11.csv:category,category=landmark,READY,false,semantic-v1,core identity plus experience semantics are supported by catalog-name/manual evidence
da_lat:crazy_house,Crazy House,da_lat,heritage,cultural,0.8,CATEGORY_RULE,place_catalog_v11.csv:category,category=heritage,PARTIAL,true,semantic-v1,category-derived baseline exists but enrichment evidence remains limited
da_lat:crazy_house,Crazy House,da_lat,heritage,heritage,1.0,CATEGORY_RULE,place_catalog_v11.csv:category,category=heritage,PARTIAL,true,semantic-v1,category-derived baseline exists but enrichment evidence remains limited
da_lat:crazy_house,Crazy House,da_lat,heritage,historical,0.8,CATEGORY_RULE,place_catalog_v11.csv:category,category=heritage,PARTIAL,true,semantic-v1,category-derived baseline exists but enrichment evidence remains limited
da_lat:dai_bao_thap_kinh_luan,Đại Bảo Tháp Kinh Luân,da_lat,heritage,cultural,0.8,CATEGORY_RULE,place_catalog_v11.csv:category,category=heritage,PARTIAL,false,semantic-v1,category-derived baseline exists but enrichment evidence remains limited
da_lat:dai_bao_thap_kinh_luan,Đại Bảo Tháp Kinh Luân,da_lat,heritage,heritage,1.0,CATEGORY_RULE,place_catalog_v11.csv:category,category=heritage,PARTIAL,false,semantic-v1,category-derived baseline exists but enrichment evidence remains limited
da_lat:dai_bao_thap_kinh_luan,Đại Bảo Tháp Kinh Luân,da_lat,heritage,historical,0.8,CATEGORY_RULE,place_catalog_v11.csv:category,category=heritage,PARTIAL,false,semantic-v1,category-derived baseline exists but enrichment evidence remains limited
da_lat:dapa_hill,Dapa Hill,da_lat,landmark,iconic,0.6,CATEGORY_RULE,place_catalog_v11.csv:category,category=landmark,PARTIAL,false,semantic-v1,category-derived baseline exists but enrichment evidence remains limited
da_lat:dapa_hill,Dapa Hill,da_lat,landmark,landmark,1.0,CATEGORY_RULE,place_catalog_v11.csv:category,category=landmark,PARTIAL,false,semantic-v1,category-derived baseline exists but enrichment evidence remains limited
da_lat:dapa_hill,Dapa Hill,da_lat,landmark,photo_spot,0.8,CATEGORY_RULE,place_catalog_v11.csv:category,category=landmark,PARTIAL,false,semantic-v1,category-derived baseline exists but enrichment evidence remains limited
da_lat:dinh_bao_dai,Dinh Bảo Đại,da_lat,heritage,cultural,0.8,CATEGORY_RULE,place_catalog_v11.csv:category,category=heritage,PARTIAL,true,semantic-v1,category-derived baseline exists but enrichment evidence remains limited
da_lat:dinh_bao_dai,Dinh Bảo Đại,da_lat,heritage,heritage,1.0,CATEGORY_RULE,place_catalog_v11.csv:category,category=heritage,PARTIAL,true,semantic-v1,category-derived baseline exists but enrichment evidence remains limited
da_lat:dinh_bao_dai,Dinh Bảo Đại,da_lat,heritage,historical,0.8,CATEGORY_RULE,place_catalog_v11.csv:category,category=heritage,PARTIAL,true,semantic-v1,category-derived baseline exists but enrichment evidence remains limited
da_lat:dinh_i,Dinh I,da_lat,heritage,cultural,0.8,CATEGORY_RULE,place_catalog_v11.csv:category,category=heritage,PARTIAL,true,semantic-v1,category-derived baseline exists but enrichment evidence remains limited
da_lat:dinh_i,Dinh I,da_lat,heritage,heritage,1.0,CATEGORY_RULE,place_catalog_v11.csv:category,category=heritage,PARTIAL,true,semantic-v1,category-derived baseline exists but enrichment evidence remains limited
da_lat:dinh_i,Dinh I,da_lat,heritage,historical,0.8,CATEGORY_RULE,place_catalog_v11.csv:category,category=heritage,PARTIAL,true,semantic-v1,category-derived baseline exists but enrichment evidence remains limited
da_lat:doi_che_cau_dat,Đồi Chè Cầu Đất,da_lat,nature,iconic,0.8,CATALOG_NAME_RULE,place_catalog_v11.csv:canonical_name,canonical name indicates iconic landmark,READY,true,semantic-v1,core identity plus experience semantics are supported by catalog-name/manual evidence
da_lat:doi_che_cau_dat,Đồi Chè Cầu Đất,da_lat,nature,mountain,0.8,CATALOG_NAME_RULE,place_catalog_v11.csv:canonical_name,canonical name indicates mountain/hill/pass,READY,true,semantic-v1,core identity plus experience semantics are supported by catalog-name/manual evidence
da_lat:doi_che_cau_dat,Đồi Chè Cầu Đất,da_lat,nature,nature,1.0,CATEGORY_RULE,place_catalog_v11.csv:category,category=nature,READY,true,semantic-v1,core identity plus experience semantics are supported by catalog-name/manual evidence
da_lat:doi_che_cau_dat,Đồi Chè Cầu Đất,da_lat,nature,photo_spot,0.6,CATALOG_NAME_RULE,place_catalog_v11.csv:canonical_name,canonical name indicates scenic/check-in/photo context,READY,true,semantic-v1,core identity plus experience semantics are supported by catalog-name/manual evidence
da_lat:doi_che_cau_dat,Đồi Chè Cầu Đất,da_lat,nature,scenic,0.8,CATALOG_NAME_RULE,place_catalog_v11.csv:canonical_name,canonical name indicates scenic landscape,READY,true,semantic-v1,core identity plus experience semantics are supported by catalog-name/manual evidence
da_lat:doi_mong_mo,Đồi Mộng Mơ,da_lat,landmark,iconic,0.6,CATEGORY_RULE,place_catalog_v11.csv:category,category=landmark,READY,true,semantic-v1,core identity plus experience semantics are supported by catalog-name/manual evidence
da_lat:doi_mong_mo,Đồi Mộng Mơ,da_lat,landmark,landmark,1.0,CATEGORY_RULE,place_catalog_v11.csv:category,category=landmark,READY,true,semantic-v1,core identity plus experience semantics are supported by catalog-name/manual evidence
da_lat:doi_mong_mo,Đồi Mộng Mơ,da_lat,landmark,mountain,0.8,CATALOG_NAME_RULE,place_catalog_v11.csv:canonical_name,canonical name indicates mountain/hill/pass,READY,true,semantic-v1,core identity plus experience semantics are supported by catalog-name/manual evidence
da_lat:doi_mong_mo,Đồi Mộng Mơ,da_lat,landmark,photo_spot,0.8,CATEGORY_RULE,place_catalog_v11.csv:category,category=landmark,READY,true,semantic-v1,core identity plus experience semantics are supported by catalog-name/manual evidence
da_lat:doi_mong_mo,Đồi Mộng Mơ,da_lat,landmark,scenic,0.8,CATALOG_NAME_RULE,place_catalog_v11.csv:canonical_name,canonical name indicates scenic landscape,READY,true,semantic-v1,core identity plus experience semantics are supported by catalog-name/manual evidence
da_lat:doi_robin,Đồi Robin,da_lat,nature,mountain,0.8,CATALOG_NAME_RULE,place_catalog_v11.csv:canonical_name,canonical name indicates mountain/hill/pass,READY,false,semantic-v1,core identity plus experience semantics are supported by catalog-name/manual evidence
da_lat:doi_robin,Đồi Robin,da_lat,nature,nature,1.0,CATEGORY_RULE,place_catalog_v11.csv:category,category=nature,READY,false,semantic-v1,core identity plus experience semantics are supported by catalog-name/manual evidence
da_lat:doi_robin,Đồi Robin,da_lat,nature,photo_spot,0.6,CATALOG_NAME_RULE,place_catalog_v11.csv:canonical_name,canonical name indicates scenic/check-in/photo context,READY,false,semantic-v1,core identity plus experience semantics are supported by catalog-name/manual evidence
da_lat:doi_robin,Đồi Robin,da_lat,nature,scenic,0.8,CATALOG_NAME_RULE,place_catalog_v11.csv:canonical_name,canonical name indicates scenic landscape,READY,false,semantic-v1,core identity plus experience semantics are supported by catalog-name/manual evidence
da_lat:duong_ham_dat_set,Đường Hầm Đất Sét,da_lat,landmark,iconic,0.6,CATEGORY_RULE,place_catalog_v11.csv:category,category=landmark,PARTIAL,true,semantic-v1,category-derived baseline exists but enrichment evidence remains limited
da_lat:duong_ham_dat_set,Đường Hầm Đất Sét,da_lat,landmark,landmark,1.0,CATEGORY_RULE,place_catalog_v11.csv:category,category=landmark,PARTIAL,true,semantic-v1,category-derived baseline exists but enrichment evidence remains limited
da_lat:duong_ham_dat_set,Đường Hầm Đất Sét,da_lat,landmark,photo_spot,0.8,CATEGORY_RULE,place_catalog_v11.csv:category,category=landmark,PARTIAL,true,semantic-v1,category-derived baseline exists but enrichment evidence remains limited
da_lat:fresh_garden,Fresh Garden,da_lat,landmark,iconic,0.6,CATEGORY_RULE,place_catalog_v11.csv:category,category=landmark,PARTIAL,false,semantic-v1,category-derived baseline exists but enrichment evidence remains limited
da_lat:fresh_garden,Fresh Garden,da_lat,landmark,landmark,1.0,CATEGORY_RULE,place_catalog_v11.csv:category,category=landmark,PARTIAL,false,semantic-v1,category-derived baseline exists but enrichment evidence remains limited
da_lat:fresh_garden,Fresh Garden,da_lat,landmark,photo_spot,0.8,CATEGORY_RULE,place_catalog_v11.csv:category,category=landmark,PARTIAL,false,semantic-v1,category-derived baseline exists but enrichment evidence remains limited
da_lat:gallery_la_chocotea,Gallery La Chocotea,da_lat,landmark,iconic,0.6,CATEGORY_RULE,place_catalog_v11.csv:category,category=landmark,PARTIAL,false,semantic-v1,category-derived baseline exists but enrichment evidence remains limited
da_lat:gallery_la_chocotea,Gallery La Chocotea,da_lat,landmark,landmark,1.0,CATEGORY_RULE,place_catalog_v11.csv:category,category=landmark,PARTIAL,false,semantic-v1,category-derived baseline exists but enrichment evidence remains limited
da_lat:gallery_la_chocotea,Gallery La Chocotea,da_lat,landmark,photo_spot,0.8,CATEGORY_RULE,place_catalog_v11.csv:category,category=landmark,PARTIAL,false,semantic-v1,category-derived baseline exists but enrichment evidence remains limited
da_lat:happy_hill,Happy Hill,da_lat,food,food,1.0,CATEGORY_RULE,place_catalog_v11.csv:category,category=food,NEED_REVIEW,true,semantic-v1,Catalog category is food but canonical name indicates a hill/check-in attraction.
da_lat:happy_hill,Happy Hill,da_lat,food,local_food,0.8,CATEGORY_RULE,place_catalog_v11.csv:category,category=food,NEED_REVIEW,true,semantic-v1,Catalog category is food but canonical name indicates a hill/check-in attraction.
da_lat:ho_tuyen_lam,Hồ Tuyền Lâm,da_lat,lake,lake,1.0,CATEGORY_RULE,place_catalog_v11.csv:category,category=lake,READY,true,semantic-v1,core identity plus experience semantics are supported by catalog-name/manual evidence
da_lat:ho_tuyen_lam,Hồ Tuyền Lâm,da_lat,lake,nature,0.8,CATEGORY_RULE,place_catalog_v11.csv:category,category=lake,READY,true,semantic-v1,core identity plus experience semantics are supported by catalog-name/manual evidence
da_lat:ho_tuyen_lam,Hồ Tuyền Lâm,da_lat,lake,relaxing,0.6,CATALOG_NAME_RULE,place_catalog_v11.csv:canonical_name,canonical name indicates low-pressure leisure setting,READY,true,semantic-v1,core identity plus experience semantics are supported by catalog-name/manual evidence
da_lat:ho_tuyen_lam,Hồ Tuyền Lâm,da_lat,lake,scenic,0.8,CATALOG_NAME_RULE,place_catalog_v11.csv:canonical_name,canonical name indicates scenic landscape,READY,true,semantic-v1,core identity plus experience semantics are supported by catalog-name/manual evidence
da_lat:ho_tuyen_lam,Hồ Tuyền Lâm,da_lat,lake,walking_area,0.6,CATALOG_NAME_RULE,place_catalog_v11.csv:canonical_name,canonical name indicates open strolling/walking context,READY,true,semantic-v1,core identity plus experience semantics are supported by catalog-name/manual evidence
da_lat:ho_vo_cuc,Hồ Vô Cực,da_lat,lake,lake,1.0,CATEGORY_RULE,place_catalog_v11.csv:category,category=lake,READY,true,semantic-v1,core identity plus experience semantics are supported by catalog-name/manual evidence
da_lat:ho_vo_cuc,Hồ Vô Cực,da_lat,lake,nature,0.8,CATEGORY_RULE,place_catalog_v11.csv:category,category=lake,READY,true,semantic-v1,core identity plus experience semantics are supported by catalog-name/manual evidence
da_lat:ho_vo_cuc,Hồ Vô Cực,da_lat,lake,relaxing,0.6,CATALOG_NAME_RULE,place_catalog_v11.csv:canonical_name,canonical name indicates low-pressure leisure setting,READY,true,semantic-v1,core identity plus experience semantics are supported by catalog-name/manual evidence
da_lat:ho_vo_cuc,Hồ Vô Cực,da_lat,lake,scenic,0.8,CATALOG_NAME_RULE,place_catalog_v11.csv:canonical_name,canonical name indicates scenic landscape,READY,true,semantic-v1,core identity plus experience semantics are supported by catalog-name/manual evidence
da_lat:ho_vo_cuc,Hồ Vô Cực,da_lat,lake,walking_area,0.6,CATALOG_NAME_RULE,place_catalog_v11.csv:canonical_name,canonical name indicates open strolling/walking context,READY,true,semantic-v1,core identity plus experience semantics are supported by catalog-name/manual evidence
da_lat:ho_xuan_huong,Hồ Xuân Hương,da_lat,lake,lake,1.0,CATEGORY_RULE,place_catalog_v11.csv:category,category=lake,READY,true,semantic-v1,core identity plus experience semantics are supported by catalog-name/manual evidence
da_lat:ho_xuan_huong,Hồ Xuân Hương,da_lat,lake,nature,0.8,CATEGORY_RULE,place_catalog_v11.csv:category,category=lake,READY,true,semantic-v1,core identity plus experience semantics are supported by catalog-name/manual evidence
da_lat:ho_xuan_huong,Hồ Xuân Hương,da_lat,lake,relaxing,0.6,CATALOG_NAME_RULE,place_catalog_v11.csv:canonical_name,canonical name indicates low-pressure leisure setting,READY,true,semantic-v1,core identity plus experience semantics are supported by catalog-name/manual evidence
da_lat:ho_xuan_huong,Hồ Xuân Hương,da_lat,lake,scenic,0.8,CATALOG_NAME_RULE,place_catalog_v11.csv:canonical_name,canonical name indicates scenic landscape,READY,true,semantic-v1,core identity plus experience semantics are supported by catalog-name/manual evidence
da_lat:ho_xuan_huong,Hồ Xuân Hương,da_lat,lake,social,0.3,MANUAL_REVIEW,docs/SEMANTIC_ENRICHMENT_V1_FINAL.md:place-example,public central lake can support low-intensity social activity,READY,true,semantic-v1,core identity plus experience semantics are supported by catalog-name/manual evidence
da_lat:ho_xuan_huong,Hồ Xuân Hương,da_lat,lake,walking_area,0.8,MANUAL_REVIEW,docs/SEMANTIC_ENRICHMENT_V1_FINAL.md:place-example,well-known city lake route supports strolling use case,READY,true,semantic-v1,core identity plus experience semantics are supported by catalog-name/manual evidence
da_lat:hoa_son_dien_trang,Hoa Sơn Điền Trang,da_lat,landmark,iconic,0.6,CATEGORY_RULE,place_catalog_v11.csv:category,category=landmark,PARTIAL,false,semantic-v1,category-derived baseline exists but enrichment evidence remains limited
da_lat:hoa_son_dien_trang,Hoa Sơn Điền Trang,da_lat,landmark,landmark,1.0,CATEGORY_RULE,place_catalog_v11.csv:category,category=landmark,PARTIAL,false,semantic-v1,category-derived baseline exists but enrichment evidence remains limited
da_lat:hoa_son_dien_trang,Hoa Sơn Điền Trang,da_lat,landmark,photo_spot,0.8,CATEGORY_RULE,place_catalog_v11.csv:category,category=landmark,PARTIAL,false,semantic-v1,category-derived baseline exists but enrichment evidence remains limited
da_lat:kdl_suoi_binh_yen,KDL Suối Bình Yên,da_lat,nature,group_friendly,0.6,CATALOG_NAME_RULE,place_catalog_v11.csv:canonical_name,canonical name indicates public park/tourist area suitable for groups,READY,false,semantic-v1,core identity plus experience semantics are supported by catalog-name/manual evidence
da_lat:kdl_suoi_binh_yen,KDL Suối Bình Yên,da_lat,nature,nature,1.0,CATEGORY_RULE,place_catalog_v11.csv:category,category=nature,READY,false,semantic-v1,core identity plus experience semantics are supported by catalog-name/manual evidence
da_lat:kdl_suoi_binh_yen,KDL Suối Bình Yên,da_lat,nature,photo_spot,0.6,CATALOG_NAME_RULE,place_catalog_v11.csv:canonical_name,canonical name indicates scenic/check-in/photo context,READY,false,semantic-v1,core identity plus experience semantics are supported by catalog-name/manual evidence
da_lat:kdl_suoi_binh_yen,KDL Suối Bình Yên,da_lat,nature,scenic,0.8,CATALOG_NAME_RULE,place_catalog_v11.csv:canonical_name,canonical name indicates scenic landscape,READY,false,semantic-v1,core identity plus experience semantics are supported by catalog-name/manual evidence
da_lat:kdl_suoi_binh_yen,KDL Suối Bình Yên,da_lat,nature,social,0.6,CATALOG_NAME_RULE,place_catalog_v11.csv:canonical_name,canonical name indicates public/group activity area,READY,false,semantic-v1,core identity plus experience semantics are supported by catalog-name/manual evidence
da_lat:kdl_suoi_binh_yen,KDL Suối Bình Yên,da_lat,nature,waterfall,0.8,CATALOG_NAME_RULE,place_catalog_v11.csv:canonical_name,canonical name indicates waterfall/stream,READY,false,semantic-v1,core identity plus experience semantics are supported by catalog-name/manual evidence
da_lat:kombi_land,Kombi Land,da_lat,landmark,iconic,0.6,CATEGORY_RULE,place_catalog_v11.csv:category,category=landmark,PARTIAL,false,semantic-v1,category-derived baseline exists but enrichment evidence remains limited
da_lat:kombi_land,Kombi Land,da_lat,landmark,landmark,1.0,CATEGORY_RULE,place_catalog_v11.csv:category,category=landmark,PARTIAL,false,semantic-v1,category-derived baseline exists but enrichment evidence remains limited
da_lat:kombi_land,Kombi Land,da_lat,landmark,photo_spot,0.8,CATEGORY_RULE,place_catalog_v11.csv:category,category=landmark,PARTIAL,false,semantic-v1,category-derived baseline exists but enrichment evidence remains limited
da_lat:lac_hu_co_tran,Lạc Hư Cổ Trấn,da_lat,landmark,iconic,0.6,CATEGORY_RULE,place_catalog_v11.csv:category,category=landmark,PARTIAL,false,semantic-v1,category-derived baseline exists but enrichment evidence remains limited
da_lat:lac_hu_co_tran,Lạc Hư Cổ Trấn,da_lat,landmark,landmark,1.0,CATEGORY_RULE,place_catalog_v11.csv:category,category=landmark,PARTIAL,false,semantic-v1,category-derived baseline exists but enrichment evidence remains limited
da_lat:lac_hu_co_tran,Lạc Hư Cổ Trấn,da_lat,landmark,photo_spot,0.8,CATEGORY_RULE,place_catalog_v11.csv:category,category=landmark,PARTIAL,false,semantic-v1,category-derived baseline exists but enrichment evidence remains limited
da_lat:lang_art_cafe,Lặng Art Café,da_lat,food,cafe,1.0,CATALOG_NAME_RULE,place_catalog_v11.csv:canonical_name,canonical name indicates cafe,READY,false,semantic-v1,core identity plus experience semantics are supported by catalog-name/manual evidence
da_lat:lang_art_cafe,Lặng Art Café,da_lat,food,cafe_meeting,0.8,CATALOG_NAME_RULE,place_catalog_v11.csv:canonical_name,canonical name indicates cafe meeting context,READY,false,semantic-v1,core identity plus experience semantics are supported by catalog-name/manual evidence
da_lat:lang_art_cafe,Lặng Art Café,da_lat,food,countryside,0.8,CATALOG_NAME_RULE,place_catalog_v11.csv:canonical_name,canonical name indicates village/farm/countryside context,READY,false,semantic-v1,core identity plus experience semantics are supported by catalog-name/manual evidence
da_lat:lang_art_cafe,Lặng Art Café,da_lat,food,cultural,0.8,CATALOG_NAME_RULE,place_catalog_v11.csv:canonical_name,canonical name indicates cultural place,READY,false,semantic-v1,core identity plus experience semantics are supported by catalog-name/manual evidence
da_lat:lang_art_cafe,Lặng Art Café,da_lat,food,food,1.0,CATEGORY_RULE,place_catalog_v11.csv:category,category=food,READY,false,semantic-v1,core identity plus experience semantics are supported by catalog-name/manual evidence
da_lat:lang_art_cafe,Lặng Art Café,da_lat,food,heritage,1.0,CATALOG_NAME_RULE,place_catalog_v11.csv:canonical_name,canonical name indicates heritage/spiritual/historical site,READY,false,semantic-v1,core identity plus experience semantics are supported by catalog-name/manual evidence
da_lat:lang_art_cafe,Lặng Art Café,da_lat,food,historical,0.8,CATALOG_NAME_RULE,place_catalog_v11.csv:canonical_name,canonical name indicates historical place,READY,false,semantic-v1,core identity plus experience semantics are supported by catalog-name/manual evidence
da_lat:lang_art_cafe,Lặng Art Café,da_lat,food,local,0.8,CATALOG_NAME_RULE,place_catalog_v11.csv:canonical_name,canonical name indicates local discovery context,READY,false,semantic-v1,core identity plus experience semantics are supported by catalog-name/manual evidence
da_lat:lang_art_cafe,Lặng Art Café,da_lat,food,local_culture,0.6,CATALOG_NAME_RULE,place_catalog_v11.csv:canonical_name,canonical name indicates local/community cultural experience,READY,false,semantic-v1,core identity plus experience semantics are supported by catalog-name/manual evidence
da_lat:lang_art_cafe,Lặng Art Café,da_lat,food,local_food,0.8,CATEGORY_RULE,place_catalog_v11.csv:category,category=food,READY,false,semantic-v1,core identity plus experience semantics are supported by catalog-name/manual evidence
da_lat:lang_art_cafe,Lặng Art Café,da_lat,food,social,0.3,CATALOG_NAME_RULE,place_catalog_v11.csv:canonical_name,canonical name indicates social browsing or meeting context,READY,false,semantic-v1,core identity plus experience semantics are supported by catalog-name/manual evidence
da_lat:lang_cu_lan,Làng Cù Lần,da_lat,nature,countryside,0.8,CATALOG_NAME_RULE,place_catalog_v11.csv:canonical_name,canonical name indicates village/farm/countryside context,READY,true,semantic-v1,core identity plus experience semantics are supported by catalog-name/manual evidence
da_lat:lang_cu_lan,Làng Cù Lần,da_lat,nature,cultural,0.8,CATALOG_NAME_RULE,place_catalog_v11.csv:canonical_name,canonical name indicates cultural place,READY,true,semantic-v1,core identity plus experience semantics are supported by catalog-name/manual evidence
da_lat:lang_cu_lan,Làng Cù Lần,da_lat,nature,heritage,1.0,CATALOG_NAME_RULE,place_catalog_v11.csv:canonical_name,canonical name indicates heritage/spiritual/historical site,READY,true,semantic-v1,core identity plus experience semantics are supported by catalog-name/manual evidence
da_lat:lang_cu_lan,Làng Cù Lần,da_lat,nature,historical,0.8,CATALOG_NAME_RULE,place_catalog_v11.csv:canonical_name,canonical name indicates historical place,READY,true,semantic-v1,core identity plus experience semantics are supported by catalog-name/manual evidence
da_lat:lang_cu_lan,Làng Cù Lần,da_lat,nature,local,0.8,CATALOG_NAME_RULE,place_catalog_v11.csv:canonical_name,canonical name indicates local discovery context,READY,true,semantic-v1,core identity plus experience semantics are supported by catalog-name/manual evidence
da_lat:lang_cu_lan,Làng Cù Lần,da_lat,nature,local_culture,0.6,CATALOG_NAME_RULE,place_catalog_v11.csv:canonical_name,canonical name indicates local/community cultural experience,READY,true,semantic-v1,core identity plus experience semantics are supported by catalog-name/manual evidence
da_lat:lang_cu_lan,Làng Cù Lần,da_lat,nature,nature,1.0,CATEGORY_RULE,place_catalog_v11.csv:category,category=nature,READY,true,semantic-v1,core identity plus experience semantics are supported by catalog-name/manual evidence
da_lat:lang_cu_lan,Làng Cù Lần,da_lat,nature,scenic,0.6,CATEGORY_RULE,place_catalog_v11.csv:category,category=nature,READY,true,semantic-v1,core identity plus experience semantics are supported by catalog-name/manual evidence
da_lat:lang_hoa_van_thanh,Làng Hoa Vạn Thành,da_lat,landmark,countryside,0.8,CATALOG_NAME_RULE,place_catalog_v11.csv:canonical_name,canonical name indicates village/farm/countryside context,READY,true,semantic-v1,core identity plus experience semantics are supported by catalog-name/manual evidence
da_lat:lang_hoa_van_thanh,Làng Hoa Vạn Thành,da_lat,landmark,cultural,0.8,CATALOG_NAME_RULE,place_catalog_v11.csv:canonical_name,canonical name indicates cultural place,READY,true,semantic-v1,core identity plus experience semantics are supported by catalog-name/manual evidence
da_lat:lang_hoa_van_thanh,Làng Hoa Vạn Thành,da_lat,landmark,heritage,1.0,CATALOG_NAME_RULE,place_catalog_v11.csv:canonical_name,canonical name indicates heritage/spiritual/historical site,READY,true,semantic-v1,core identity plus experience semantics are supported by catalog-name/manual evidence
da_lat:lang_hoa_van_thanh,Làng Hoa Vạn Thành,da_lat,landmark,historical,0.8,CATALOG_NAME_RULE,place_catalog_v11.csv:canonical_name,canonical name indicates historical place,READY,true,semantic-v1,core identity plus experience semantics are supported by catalog-name/manual evidence
da_lat:lang_hoa_van_thanh,Làng Hoa Vạn Thành,da_lat,landmark,iconic,0.6,CATEGORY_RULE,place_catalog_v11.csv:category,category=landmark,READY,true,semantic-v1,core identity plus experience semantics are supported by catalog-name/manual evidence
da_lat:lang_hoa_van_thanh,Làng Hoa Vạn Thành,da_lat,landmark,landmark,1.0,CATEGORY_RULE,place_catalog_v11.csv:category,category=landmark,READY,true,semantic-v1,core identity plus experience semantics are supported by catalog-name/manual evidence
da_lat:lang_hoa_van_thanh,Làng Hoa Vạn Thành,da_lat,landmark,local,0.8,CATALOG_NAME_RULE,place_catalog_v11.csv:canonical_name,canonical name indicates local discovery context,READY,true,semantic-v1,core identity plus experience semantics are supported by catalog-name/manual evidence
da_lat:lang_hoa_van_thanh,Làng Hoa Vạn Thành,da_lat,landmark,local_culture,0.6,CATALOG_NAME_RULE,place_catalog_v11.csv:canonical_name,canonical name indicates local/community cultural experience,READY,true,semantic-v1,core identity plus experience semantics are supported by catalog-name/manual evidence
da_lat:lang_hoa_van_thanh,Làng Hoa Vạn Thành,da_lat,landmark,nature,0.8,CATALOG_NAME_RULE,place_catalog_v11.csv:canonical_name,canonical name indicates garden/farm/flower/island/natural landscape,READY,true,semantic-v1,core identity plus experience semantics are supported by catalog-name/manual evidence
da_lat:lang_hoa_van_thanh,Làng Hoa Vạn Thành,da_lat,landmark,photo_spot,0.8,CATEGORY_RULE,place_catalog_v11.csv:category,category=landmark,READY,true,semantic-v1,core identity plus experience semantics are supported by catalog-name/manual evidence
da_lat:lang_hoa_van_thanh,Làng Hoa Vạn Thành,da_lat,landmark,scenic,0.8,CATALOG_NAME_RULE,place_catalog_v11.csv:canonical_name,canonical name indicates scenic landscape,READY,true,semantic-v1,core identity plus experience semantics are supported by catalog-name/manual evidence
da_lat:langbiang,Langbiang,da_lat,nature,mountain,0.8,CATALOG_NAME_RULE,place_catalog_v11.csv:canonical_name,canonical name indicates mountain/hill/pass,READY,true,semantic-v1,core identity plus experience semantics are supported by catalog-name/manual evidence
da_lat:langbiang,Langbiang,da_lat,nature,nature,1.0,CATEGORY_RULE,place_catalog_v11.csv:category,category=nature,READY,true,semantic-v1,core identity plus experience semantics are supported by catalog-name/manual evidence
da_lat:langbiang,Langbiang,da_lat,nature,scenic,0.6,CATEGORY_RULE,place_catalog_v11.csv:category,category=nature,READY,true,semantic-v1,core identity plus experience semantics are supported by catalog-name/manual evidence
da_lat:mongo_land,Mongo Land,da_lat,landmark,iconic,0.6,CATEGORY_RULE,place_catalog_v11.csv:category,category=landmark,PARTIAL,true,semantic-v1,category-derived baseline exists but enrichment evidence remains limited
da_lat:mongo_land,Mongo Land,da_lat,landmark,landmark,1.0,CATEGORY_RULE,place_catalog_v11.csv:category,category=landmark,PARTIAL,true,semantic-v1,category-derived baseline exists but enrichment evidence remains limited
da_lat:mongo_land,Mongo Land,da_lat,landmark,photo_spot,0.8,CATEGORY_RULE,place_catalog_v11.csv:category,category=landmark,PARTIAL,true,semantic-v1,category-derived baseline exists but enrichment evidence remains limited
da_lat:nac_thang_thien_duong,Nấc Thang Thiên Đường,da_lat,nature,nature,1.0,CATEGORY_RULE,place_catalog_v11.csv:category,category=nature,PARTIAL,true,semantic-v1,category-derived baseline exists but enrichment evidence remains limited
da_lat:nac_thang_thien_duong,Nấc Thang Thiên Đường,da_lat,nature,scenic,0.6,CATEGORY_RULE,place_catalog_v11.csv:category,category=nature,PARTIAL,true,semantic-v1,category-derived baseline exists but enrichment evidence remains limited
da_lat:nha_ga_da_lat,Nhà Ga Đà Lạt,da_lat,landmark,iconic,0.8,CATALOG_NAME_RULE,place_catalog_v11.csv:canonical_name,canonical name indicates iconic landmark,READY,true,semantic-v1,core identity plus experience semantics are supported by catalog-name/manual evidence
da_lat:nha_ga_da_lat,Nhà Ga Đà Lạt,da_lat,landmark,landmark,1.0,CATEGORY_RULE,place_catalog_v11.csv:category,category=landmark,READY,true,semantic-v1,core identity plus experience semantics are supported by catalog-name/manual evidence
da_lat:nha_ga_da_lat,Nhà Ga Đà Lạt,da_lat,landmark,photo_spot,0.8,CATEGORY_RULE,place_catalog_v11.csv:category,category=landmark,READY,true,semantic-v1,core identity plus experience semantics are supported by catalog-name/manual evidence
da_lat:nha_tho_con_ga,Nhà Thờ Con Gà,da_lat,lake,cultural,0.8,CATALOG_NAME_RULE,place_catalog_v11.csv:canonical_name,canonical name indicates cultural place,NEED_REVIEW,true,semantic-v1,Catalog category is lake but canonical name is a church.
da_lat:nha_tho_con_ga,Nhà Thờ Con Gà,da_lat,lake,heritage,1.0,CATALOG_NAME_RULE,place_catalog_v11.csv:canonical_name,canonical name indicates heritage/spiritual/historical site,NEED_REVIEW,true,semantic-v1,Catalog category is lake but canonical name is a church.
da_lat:nha_tho_con_ga,Nhà Thờ Con Gà,da_lat,lake,iconic,0.8,CATALOG_NAME_RULE,place_catalog_v11.csv:canonical_name,canonical name indicates iconic landmark,NEED_REVIEW,true,semantic-v1,Catalog category is lake but canonical name is a church.
da_lat:nha_tho_con_ga,Nhà Thờ Con Gà,da_lat,lake,lake,1.0,CATEGORY_RULE,place_catalog_v11.csv:category,category=lake,NEED_REVIEW,true,semantic-v1,Catalog category is lake but canonical name is a church.
da_lat:nha_tho_con_ga,Nhà Thờ Con Gà,da_lat,lake,nature,0.8,CATEGORY_RULE,place_catalog_v11.csv:category,category=lake,NEED_REVIEW,true,semantic-v1,Catalog category is lake but canonical name is a church.
da_lat:nha_tho_con_ga,Nhà Thờ Con Gà,da_lat,lake,photo_spot,0.6,CATALOG_NAME_RULE,place_catalog_v11.csv:canonical_name,canonical name indicates scenic/check-in/photo context,NEED_REVIEW,true,semantic-v1,Catalog category is lake but canonical name is a church.
da_lat:nha_tho_con_ga,Nhà Thờ Con Gà,da_lat,lake,scenic,0.6,CATEGORY_RULE,place_catalog_v11.csv:category,category=lake,NEED_REVIEW,true,semantic-v1,Catalog category is lake but canonical name is a church.
da_lat:nha_tho_domain_de_marie,Nhà Thờ Domain De Marie,da_lat,heritage,cultural,0.8,CATEGORY_RULE,place_catalog_v11.csv:category,category=heritage,PARTIAL,true,semantic-v1,category-derived baseline exists but enrichment evidence remains limited
da_lat:nha_tho_domain_de_marie,Nhà Thờ Domain De Marie,da_lat,heritage,heritage,1.0,CATEGORY_RULE,place_catalog_v11.csv:category,category=heritage,PARTIAL,true,semantic-v1,category-derived baseline exists but enrichment evidence remains limited
da_lat:nha_tho_domain_de_marie,Nhà Thờ Domain De Marie,da_lat,heritage,historical,0.8,CATEGORY_RULE,place_catalog_v11.csv:category,category=heritage,PARTIAL,true,semantic-v1,category-derived baseline exists but enrichment evidence remains limited
da_lat:nong_trai_co_tich,Nông Trại Cổ Tích,da_lat,landmark,countryside,0.8,CATALOG_NAME_RULE,place_catalog_v11.csv:canonical_name,canonical name indicates village/farm/countryside context,READY,false,semantic-v1,core identity plus experience semantics are supported by catalog-name/manual evidence
da_lat:nong_trai_co_tich,Nông Trại Cổ Tích,da_lat,landmark,iconic,0.6,CATEGORY_RULE,place_catalog_v11.csv:category,category=landmark,READY,false,semantic-v1,core identity plus experience semantics are supported by catalog-name/manual evidence
da_lat:nong_trai_co_tich,Nông Trại Cổ Tích,da_lat,landmark,landmark,1.0,CATEGORY_RULE,place_catalog_v11.csv:category,category=landmark,READY,false,semantic-v1,core identity plus experience semantics are supported by catalog-name/manual evidence
da_lat:nong_trai_co_tich,Nông Trại Cổ Tích,da_lat,landmark,nature,0.8,CATALOG_NAME_RULE,place_catalog_v11.csv:canonical_name,canonical name indicates garden/farm/flower/island/natural landscape,READY,false,semantic-v1,core identity plus experience semantics are supported by catalog-name/manual evidence
da_lat:nong_trai_co_tich,Nông Trại Cổ Tích,da_lat,landmark,photo_spot,0.8,CATEGORY_RULE,place_catalog_v11.csv:category,category=landmark,READY,false,semantic-v1,core identity plus experience semantics are supported by catalog-name/manual evidence
da_lat:puppy_farm,Puppy Farm,da_lat,food,food,1.0,CATEGORY_RULE,place_catalog_v11.csv:category,category=food,NEED_REVIEW,true,semantic-v1,Catalog category is food but canonical name indicates a farm attraction.
da_lat:puppy_farm,Puppy Farm,da_lat,food,local_food,0.8,CATEGORY_RULE,place_catalog_v11.csv:category,category=food,NEED_REVIEW,true,semantic-v1,Catalog category is food but canonical name indicates a farm attraction.
da_lat:quang_truong_lam_vien,Quảng Trường Lâm Viên,da_lat,landmark,city_center,0.6,CATALOG_NAME_RULE,place_catalog_v11.csv:canonical_name,canonical name indicates city-center-like environment,READY,true,semantic-v1,core identity plus experience semantics are supported by catalog-name/manual evidence
da_lat:quang_truong_lam_vien,Quảng Trường Lâm Viên,da_lat,landmark,crowded,0.6,MANUAL_REVIEW,docs/SEMANTIC_ENRICHMENT_V1_FINAL.md:place-example,central public square is a common visitor gathering place,READY,true,semantic-v1,core identity plus experience semantics are supported by catalog-name/manual evidence
da_lat:quang_truong_lam_vien,Quảng Trường Lâm Viên,da_lat,landmark,group_friendly,0.6,CATALOG_NAME_RULE,place_catalog_v11.csv:canonical_name,canonical name indicates public park/tourist area suitable for groups,READY,true,semantic-v1,core identity plus experience semantics are supported by catalog-name/manual evidence
da_lat:quang_truong_lam_vien,Quảng Trường Lâm Viên,da_lat,landmark,iconic,0.8,CATALOG_NAME_RULE,place_catalog_v11.csv:canonical_name,canonical name indicates iconic landmark,READY,true,semantic-v1,core identity plus experience semantics are supported by catalog-name/manual evidence
da_lat:quang_truong_lam_vien,Quảng Trường Lâm Viên,da_lat,landmark,landmark,1.0,CATEGORY_RULE,place_catalog_v11.csv:category,category=landmark,READY,true,semantic-v1,core identity plus experience semantics are supported by catalog-name/manual evidence
da_lat:quang_truong_lam_vien,Quảng Trường Lâm Viên,da_lat,landmark,photo_spot,0.8,CATEGORY_RULE,place_catalog_v11.csv:category,category=landmark,READY,true,semantic-v1,core identity plus experience semantics are supported by catalog-name/manual evidence
da_lat:quang_truong_lam_vien,Quảng Trường Lâm Viên,da_lat,landmark,social,0.8,MANUAL_REVIEW,docs/SEMANTIC_ENRICHMENT_V1_FINAL.md:place-example,public square supports social gathering,READY,true,semantic-v1,core identity plus experience semantics are supported by catalog-name/manual evidence
da_lat:quang_truong_lam_vien,Quảng Trường Lâm Viên,da_lat,landmark,urban,0.6,CATALOG_NAME_RULE,place_catalog_v11.csv:canonical_name,canonical name indicates urban/central context,READY,true,semantic-v1,core identity plus experience semantics are supported by catalog-name/manual evidence
da_lat:quang_truong_lam_vien,Quảng Trường Lâm Viên,da_lat,landmark,walking_area,0.8,MANUAL_REVIEW,docs/SEMANTIC_ENRICHMENT_V1_FINAL.md:place-example,public square supports walking/strolling,READY,true,semantic-v1,core identity plus experience semantics are supported by catalog-name/manual evidence
da_lat:que_garden,Que Garden,da_lat,landmark,iconic,0.6,CATEGORY_RULE,place_catalog_v11.csv:category,category=landmark,PARTIAL,false,semantic-v1,category-derived baseline exists but enrichment evidence remains limited
da_lat:que_garden,Que Garden,da_lat,landmark,landmark,1.0,CATEGORY_RULE,place_catalog_v11.csv:category,category=landmark,PARTIAL,false,semantic-v1,category-derived baseline exists but enrichment evidence remains limited
da_lat:que_garden,Que Garden,da_lat,landmark,photo_spot,0.8,CATEGORY_RULE,place_catalog_v11.csv:category,category=landmark,PARTIAL,false,semantic-v1,category-derived baseline exists but enrichment evidence remains limited
da_lat:royal_garden,Royal Garden,da_lat,landmark,iconic,0.6,CATEGORY_RULE,place_catalog_v11.csv:category,category=landmark,PARTIAL,true,semantic-v1,category-derived baseline exists but enrichment evidence remains limited
da_lat:royal_garden,Royal Garden,da_lat,landmark,landmark,1.0,CATEGORY_RULE,place_catalog_v11.csv:category,category=landmark,PARTIAL,true,semantic-v1,category-derived baseline exists but enrichment evidence remains limited
da_lat:royal_garden,Royal Garden,da_lat,landmark,photo_spot,0.8,CATEGORY_RULE,place_catalog_v11.csv:category,category=landmark,PARTIAL,true,semantic-v1,category-derived baseline exists but enrichment evidence remains limited
da_lat:rung_hoa_kho,Rừng Hoa Khô,da_lat,nature,forest,0.8,CATALOG_NAME_RULE,place_catalog_v11.csv:canonical_name,canonical name indicates forest/national park,READY,false,semantic-v1,core identity plus experience semantics are supported by catalog-name/manual evidence
da_lat:rung_hoa_kho,Rừng Hoa Khô,da_lat,nature,nature,1.0,CATEGORY_RULE,place_catalog_v11.csv:category,category=nature,READY,false,semantic-v1,core identity plus experience semantics are supported by catalog-name/manual evidence
da_lat:rung_hoa_kho,Rừng Hoa Khô,da_lat,nature,scenic,0.6,CATEGORY_RULE,place_catalog_v11.csv:category,category=nature,READY,false,semantic-v1,core identity plus experience semantics are supported by catalog-name/manual evidence
da_lat:samten_hills,Samten Hills,da_lat,landmark,iconic,0.6,CATEGORY_RULE,place_catalog_v11.csv:category,category=landmark,PARTIAL,true,semantic-v1,category-derived baseline exists but enrichment evidence remains limited
da_lat:samten_hills,Samten Hills,da_lat,landmark,landmark,1.0,CATEGORY_RULE,place_catalog_v11.csv:category,category=landmark,PARTIAL,true,semantic-v1,category-derived baseline exists but enrichment evidence remains limited
da_lat:samten_hills,Samten Hills,da_lat,landmark,photo_spot,0.8,CATEGORY_RULE,place_catalog_v11.csv:category,category=landmark,PARTIAL,true,semantic-v1,category-derived baseline exists but enrichment evidence remains limited
da_lat:thac_bobla,Thác Bobla,da_lat,nature,nature,1.0,CATEGORY_RULE,place_catalog_v11.csv:category,category=nature,READY,true,semantic-v1,core identity plus experience semantics are supported by catalog-name/manual evidence
da_lat:thac_bobla,Thác Bobla,da_lat,nature,photo_spot,0.6,CATALOG_NAME_RULE,place_catalog_v11.csv:canonical_name,canonical name indicates scenic/check-in/photo context,READY,true,semantic-v1,core identity plus experience semantics are supported by catalog-name/manual evidence
da_lat:thac_bobla,Thác Bobla,da_lat,nature,scenic,0.8,CATALOG_NAME_RULE,place_catalog_v11.csv:canonical_name,canonical name indicates scenic landscape,READY,true,semantic-v1,core identity plus experience semantics are supported by catalog-name/manual evidence
da_lat:thac_bobla,Thác Bobla,da_lat,nature,waterfall,0.8,CATALOG_NAME_RULE,place_catalog_v11.csv:canonical_name,canonical name indicates waterfall/stream,READY,true,semantic-v1,core identity plus experience semantics are supported by catalog-name/manual evidence
da_lat:thac_cam_ly,Thác Cam Ly,da_lat,nature,nature,1.0,CATEGORY_RULE,place_catalog_v11.csv:category,category=nature,READY,true,semantic-v1,core identity plus experience semantics are supported by catalog-name/manual evidence
da_lat:thac_cam_ly,Thác Cam Ly,da_lat,nature,photo_spot,0.6,CATALOG_NAME_RULE,place_catalog_v11.csv:canonical_name,canonical name indicates scenic/check-in/photo context,READY,true,semantic-v1,core identity plus experience semantics are supported by catalog-name/manual evidence
da_lat:thac_cam_ly,Thác Cam Ly,da_lat,nature,scenic,0.8,CATALOG_NAME_RULE,place_catalog_v11.csv:canonical_name,canonical name indicates scenic landscape,READY,true,semantic-v1,core identity plus experience semantics are supported by catalog-name/manual evidence
da_lat:thac_cam_ly,Thác Cam Ly,da_lat,nature,waterfall,0.8,CATALOG_NAME_RULE,place_catalog_v11.csv:canonical_name,canonical name indicates waterfall/stream,READY,true,semantic-v1,core identity plus experience semantics are supported by catalog-name/manual evidence
da_lat:thac_datanla,Thác Datanla,da_lat,nature,nature,1.0,CATEGORY_RULE,place_catalog_v11.csv:category,category=nature,READY,true,semantic-v1,core identity plus experience semantics are supported by catalog-name/manual evidence
da_lat:thac_datanla,Thác Datanla,da_lat,nature,photo_spot,0.6,CATALOG_NAME_RULE,place_catalog_v11.csv:canonical_name,canonical name indicates scenic/check-in/photo context,READY,true,semantic-v1,core identity plus experience semantics are supported by catalog-name/manual evidence
da_lat:thac_datanla,Thác Datanla,da_lat,nature,scenic,0.8,CATALOG_NAME_RULE,place_catalog_v11.csv:canonical_name,canonical name indicates scenic landscape,READY,true,semantic-v1,core identity plus experience semantics are supported by catalog-name/manual evidence
da_lat:thac_datanla,Thác Datanla,da_lat,nature,waterfall,0.8,CATALOG_NAME_RULE,place_catalog_v11.csv:canonical_name,canonical name indicates waterfall/stream,READY,true,semantic-v1,core identity plus experience semantics are supported by catalog-name/manual evidence
da_lat:thac_pongour,Thác Pongour,da_lat,nature,nature,1.0,CATEGORY_RULE,place_catalog_v11.csv:category,category=nature,READY,true,semantic-v1,core identity plus experience semantics are supported by catalog-name/manual evidence
da_lat:thac_pongour,Thác Pongour,da_lat,nature,photo_spot,0.6,CATALOG_NAME_RULE,place_catalog_v11.csv:canonical_name,canonical name indicates scenic/check-in/photo context,READY,true,semantic-v1,core identity plus experience semantics are supported by catalog-name/manual evidence
da_lat:thac_pongour,Thác Pongour,da_lat,nature,scenic,0.8,CATALOG_NAME_RULE,place_catalog_v11.csv:canonical_name,canonical name indicates scenic landscape,READY,true,semantic-v1,core identity plus experience semantics are supported by catalog-name/manual evidence
da_lat:thac_pongour,Thác Pongour,da_lat,nature,waterfall,0.8,CATALOG_NAME_RULE,place_catalog_v11.csv:canonical_name,canonical name indicates waterfall/stream,READY,true,semantic-v1,core identity plus experience semantics are supported by catalog-name/manual evidence
da_lat:thac_prenn,Thác Prenn,da_lat,nature,nature,1.0,CATEGORY_RULE,place_catalog_v11.csv:category,category=nature,READY,true,semantic-v1,core identity plus experience semantics are supported by catalog-name/manual evidence
da_lat:thac_prenn,Thác Prenn,da_lat,nature,photo_spot,0.6,CATALOG_NAME_RULE,place_catalog_v11.csv:canonical_name,canonical name indicates scenic/check-in/photo context,READY,true,semantic-v1,core identity plus experience semantics are supported by catalog-name/manual evidence
da_lat:thac_prenn,Thác Prenn,da_lat,nature,scenic,0.8,CATALOG_NAME_RULE,place_catalog_v11.csv:canonical_name,canonical name indicates scenic landscape,READY,true,semantic-v1,core identity plus experience semantics are supported by catalog-name/manual evidence
da_lat:thac_prenn,Thác Prenn,da_lat,nature,waterfall,0.8,CATALOG_NAME_RULE,place_catalog_v11.csv:canonical_name,canonical name indicates waterfall/stream,READY,true,semantic-v1,core identity plus experience semantics are supported by catalog-name/manual evidence
da_lat:thac_voi,Thác Voi,da_lat,nature,nature,1.0,CATEGORY_RULE,place_catalog_v11.csv:category,category=nature,READY,true,semantic-v1,core identity plus experience semantics are supported by catalog-name/manual evidence
da_lat:thac_voi,Thác Voi,da_lat,nature,photo_spot,0.6,CATALOG_NAME_RULE,place_catalog_v11.csv:canonical_name,canonical name indicates scenic/check-in/photo context,READY,true,semantic-v1,core identity plus experience semantics are supported by catalog-name/manual evidence
da_lat:thac_voi,Thác Voi,da_lat,nature,scenic,0.8,CATALOG_NAME_RULE,place_catalog_v11.csv:canonical_name,canonical name indicates scenic landscape,READY,true,semantic-v1,core identity plus experience semantics are supported by catalog-name/manual evidence
da_lat:thac_voi,Thác Voi,da_lat,nature,waterfall,0.8,CATALOG_NAME_RULE,place_catalog_v11.csv:canonical_name,canonical name indicates waterfall/stream,READY,true,semantic-v1,core identity plus experience semantics are supported by catalog-name/manual evidence
da_lat:thi_tran_iyashi,Thị Trấn Iyashi,da_lat,landmark,iconic,0.6,CATEGORY_RULE,place_catalog_v11.csv:category,category=landmark,PARTIAL,false,semantic-v1,category-derived baseline exists but enrichment evidence remains limited
da_lat:thi_tran_iyashi,Thị Trấn Iyashi,da_lat,landmark,landmark,1.0,CATEGORY_RULE,place_catalog_v11.csv:category,category=landmark,PARTIAL,false,semantic-v1,category-derived baseline exists but enrichment evidence remains limited
da_lat:thi_tran_iyashi,Thị Trấn Iyashi,da_lat,landmark,photo_spot,0.8,CATEGORY_RULE,place_catalog_v11.csv:category,category=landmark,PARTIAL,false,semantic-v1,category-derived baseline exists but enrichment evidence remains limited
da_lat:thien_vien_truc_lam,Thiền Viện Trúc Lâm,da_lat,heritage,cultural,0.8,CATEGORY_RULE,place_catalog_v11.csv:category,category=heritage,PARTIAL,true,semantic-v1,category-derived baseline exists but enrichment evidence remains limited
da_lat:thien_vien_truc_lam,Thiền Viện Trúc Lâm,da_lat,heritage,heritage,1.0,CATEGORY_RULE,place_catalog_v11.csv:category,category=heritage,PARTIAL,true,semantic-v1,category-derived baseline exists but enrichment evidence remains limited
da_lat:thien_vien_truc_lam,Thiền Viện Trúc Lâm,da_lat,heritage,historical,0.8,CATEGORY_RULE,place_catalog_v11.csv:category,category=heritage,PARTIAL,true,semantic-v1,category-derived baseline exists but enrichment evidence remains limited
da_lat:thien_vien_van_hanh,Thiền Viện Vạn Hạnh,da_lat,heritage,cultural,0.8,CATEGORY_RULE,place_catalog_v11.csv:category,category=heritage,PARTIAL,true,semantic-v1,category-derived baseline exists but enrichment evidence remains limited
da_lat:thien_vien_van_hanh,Thiền Viện Vạn Hạnh,da_lat,heritage,heritage,1.0,CATEGORY_RULE,place_catalog_v11.csv:category,category=heritage,PARTIAL,true,semantic-v1,category-derived baseline exists but enrichment evidence remains limited
da_lat:thien_vien_van_hanh,Thiền Viện Vạn Hạnh,da_lat,heritage,historical,0.8,CATEGORY_RULE,place_catalog_v11.csv:category,category=heritage,PARTIAL,true,semantic-v1,category-derived baseline exists but enrichment evidence remains limited
da_lat:thung_lung_tinh_yeu,Thung Lũng Tình Yêu,da_lat,nature,nature,1.0,CATEGORY_RULE,place_catalog_v11.csv:category,category=nature,READY,true,semantic-v1,core identity plus experience semantics are supported by catalog-name/manual evidence
da_lat:thung_lung_tinh_yeu,Thung Lũng Tình Yêu,da_lat,nature,relaxing,0.6,CATALOG_NAME_RULE,place_catalog_v11.csv:canonical_name,canonical name indicates low-pressure leisure setting,READY,true,semantic-v1,core identity plus experience semantics are supported by catalog-name/manual evidence
da_lat:thung_lung_tinh_yeu,Thung Lũng Tình Yêu,da_lat,nature,scenic,0.6,CATEGORY_RULE,place_catalog_v11.csv:category,category=nature,READY,true,semantic-v1,core identity plus experience semantics are supported by catalog-name/manual evidence
da_lat:thung_lung_vang,Thung Lũng Vàng,da_lat,nature,nature,1.0,CATEGORY_RULE,place_catalog_v11.csv:category,category=nature,READY,true,semantic-v1,core identity plus experience semantics are supported by catalog-name/manual evidence
da_lat:thung_lung_vang,Thung Lũng Vàng,da_lat,nature,relaxing,0.6,CATALOG_NAME_RULE,place_catalog_v11.csv:canonical_name,canonical name indicates low-pressure leisure setting,READY,true,semantic-v1,core identity plus experience semantics are supported by catalog-name/manual evidence
da_lat:thung_lung_vang,Thung Lũng Vàng,da_lat,nature,scenic,0.6,CATEGORY_RULE,place_catalog_v11.csv:category,category=nature,READY,true,semantic-v1,core identity plus experience semantics are supported by catalog-name/manual evidence
da_lat:tiem_nuong_chuyen_tau_hoang_hon,Tiệm Nướng Chuyến Tàu Hoàng Hôn,da_lat,food,beach,1.0,CATALOG_NAME_RULE,place_catalog_v11.csv:canonical_name,canonical name indicates beach/coast/island,READY,false,semantic-v1,core identity plus experience semantics are supported by catalog-name/manual evidence
da_lat:tiem_nuong_chuyen_tau_hoang_hon,Tiệm Nướng Chuyến Tàu Hoàng Hôn,da_lat,food,food,1.0,CATEGORY_RULE,place_catalog_v11.csv:category,category=food,READY,false,semantic-v1,core identity plus experience semantics are supported by catalog-name/manual evidence
da_lat:tiem_nuong_chuyen_tau_hoang_hon,Tiệm Nướng Chuyến Tàu Hoàng Hôn,da_lat,food,local_food,0.8,CATEGORY_RULE,place_catalog_v11.csv:category,category=food,READY,false,semantic-v1,core identity plus experience semantics are supported by catalog-name/manual evidence
da_lat:tiem_nuong_chuyen_tau_hoang_hon,Tiệm Nướng Chuyến Tàu Hoàng Hôn,da_lat,food,nature,0.8,CATALOG_NAME_RULE,place_catalog_v11.csv:canonical_name,canonical name indicates garden/farm/flower/island/natural landscape,READY,false,semantic-v1,core identity plus experience semantics are supported by catalog-name/manual evidence
da_lat:tiem_nuong_chuyen_tau_hoang_hon,Tiệm Nướng Chuyến Tàu Hoàng Hôn,da_lat,food,photo_spot,0.6,CATALOG_NAME_RULE,place_catalog_v11.csv:canonical_name,canonical name indicates scenic/check-in/photo context,READY,false,semantic-v1,core identity plus experience semantics are supported by catalog-name/manual evidence
da_lat:tiem_nuong_chuyen_tau_hoang_hon,Tiệm Nướng Chuyến Tàu Hoàng Hôn,da_lat,food,relaxing,0.6,CATALOG_NAME_RULE,place_catalog_v11.csv:canonical_name,canonical name indicates low-pressure leisure setting,READY,false,semantic-v1,core identity plus experience semantics are supported by catalog-name/manual evidence
da_lat:tiem_nuong_chuyen_tau_hoang_hon,Tiệm Nướng Chuyến Tàu Hoàng Hôn,da_lat,food,scenic,0.8,CATALOG_NAME_RULE,place_catalog_v11.csv:canonical_name,canonical name indicates scenic landscape,READY,false,semantic-v1,core identity plus experience semantics are supported by catalog-name/manual evidence
da_lat:tiem_nuong_chuyen_tau_hoang_hon,Tiệm Nướng Chuyến Tàu Hoàng Hôn,da_lat,food,social,0.3,CATALOG_NAME_RULE,place_catalog_v11.csv:canonical_name,canonical name indicates social browsing or meeting context,READY,false,semantic-v1,core identity plus experience semantics are supported by catalog-name/manual evidence
da_lat:trai_mat,Trại Mát,da_lat,landmark,iconic,0.6,CATEGORY_RULE,place_catalog_v11.csv:category,category=landmark,PARTIAL,true,semantic-v1,category-derived baseline exists but enrichment evidence remains limited
da_lat:trai_mat,Trại Mát,da_lat,landmark,landmark,1.0,CATEGORY_RULE,place_catalog_v11.csv:category,category=landmark,PARTIAL,true,semantic-v1,category-derived baseline exists but enrichment evidence remains limited
da_lat:trai_mat,Trại Mát,da_lat,landmark,photo_spot,0.8,CATEGORY_RULE,place_catalog_v11.csv:category,category=landmark,PARTIAL,true,semantic-v1,category-derived baseline exists but enrichment evidence remains limited
da_lat:tu_vien_bat_nha,Tu Viện Bát Nhã,da_lat,landmark,cultural,0.8,CATALOG_NAME_RULE,place_catalog_v11.csv:canonical_name,canonical name indicates cultural place,READY,false,semantic-v1,core identity plus experience semantics are supported by catalog-name/manual evidence
da_lat:tu_vien_bat_nha,Tu Viện Bát Nhã,da_lat,landmark,heritage,1.0,CATALOG_NAME_RULE,place_catalog_v11.csv:canonical_name,canonical name indicates heritage/spiritual/historical site,READY,false,semantic-v1,core identity plus experience semantics are supported by catalog-name/manual evidence
da_lat:tu_vien_bat_nha,Tu Viện Bát Nhã,da_lat,landmark,iconic,0.6,CATEGORY_RULE,place_catalog_v11.csv:category,category=landmark,READY,false,semantic-v1,core identity plus experience semantics are supported by catalog-name/manual evidence
da_lat:tu_vien_bat_nha,Tu Viện Bát Nhã,da_lat,landmark,landmark,1.0,CATEGORY_RULE,place_catalog_v11.csv:category,category=landmark,READY,false,semantic-v1,core identity plus experience semantics are supported by catalog-name/manual evidence
da_lat:tu_vien_bat_nha,Tu Viện Bát Nhã,da_lat,landmark,photo_spot,0.8,CATEGORY_RULE,place_catalog_v11.csv:category,category=landmark,READY,false,semantic-v1,core identity plus experience semantics are supported by catalog-name/manual evidence
da_lat:vuon_chau_au,Vườn Châu Âu,da_lat,landmark,iconic,0.6,CATEGORY_RULE,place_catalog_v11.csv:category,category=landmark,READY,false,semantic-v1,core identity plus experience semantics are supported by catalog-name/manual evidence
da_lat:vuon_chau_au,Vườn Châu Âu,da_lat,landmark,landmark,1.0,CATEGORY_RULE,place_catalog_v11.csv:category,category=landmark,READY,false,semantic-v1,core identity plus experience semantics are supported by catalog-name/manual evidence
da_lat:vuon_chau_au,Vườn Châu Âu,da_lat,landmark,nature,0.8,CATALOG_NAME_RULE,place_catalog_v11.csv:canonical_name,canonical name indicates garden/farm/flower/island/natural landscape,READY,false,semantic-v1,core identity plus experience semantics are supported by catalog-name/manual evidence
da_lat:vuon_chau_au,Vườn Châu Âu,da_lat,landmark,photo_spot,0.8,CATEGORY_RULE,place_catalog_v11.csv:category,category=landmark,READY,false,semantic-v1,core identity plus experience semantics are supported by catalog-name/manual evidence
da_lat:vuon_chau_au,Vườn Châu Âu,da_lat,landmark,relaxing,0.6,CATALOG_NAME_RULE,place_catalog_v11.csv:canonical_name,canonical name indicates low-pressure leisure setting,READY,false,semantic-v1,core identity plus experience semantics are supported by catalog-name/manual evidence
da_lat:vuon_chau_au,Vườn Châu Âu,da_lat,landmark,scenic,0.8,CATALOG_NAME_RULE,place_catalog_v11.csv:canonical_name,canonical name indicates scenic landscape,READY,false,semantic-v1,core identity plus experience semantics are supported by catalog-name/manual evidence
da_lat:vuon_dau_da_lat,Vườn Dâu Đà Lạt,da_lat,landmark,iconic,0.6,CATEGORY_RULE,place_catalog_v11.csv:category,category=landmark,READY,true,semantic-v1,core identity plus experience semantics are supported by catalog-name/manual evidence
da_lat:vuon_dau_da_lat,Vườn Dâu Đà Lạt,da_lat,landmark,landmark,1.0,CATEGORY_RULE,place_catalog_v11.csv:category,category=landmark,READY,true,semantic-v1,core identity plus experience semantics are supported by catalog-name/manual evidence
da_lat:vuon_dau_da_lat,Vườn Dâu Đà Lạt,da_lat,landmark,nature,0.8,CATALOG_NAME_RULE,place_catalog_v11.csv:canonical_name,canonical name indicates garden/farm/flower/island/natural landscape,READY,true,semantic-v1,core identity plus experience semantics are supported by catalog-name/manual evidence
da_lat:vuon_dau_da_lat,Vườn Dâu Đà Lạt,da_lat,landmark,photo_spot,0.8,CATEGORY_RULE,place_catalog_v11.csv:category,category=landmark,READY,true,semantic-v1,core identity plus experience semantics are supported by catalog-name/manual evidence
da_lat:vuon_dau_da_lat,Vườn Dâu Đà Lạt,da_lat,landmark,relaxing,0.6,CATALOG_NAME_RULE,place_catalog_v11.csv:canonical_name,canonical name indicates low-pressure leisure setting,READY,true,semantic-v1,core identity plus experience semantics are supported by catalog-name/manual evidence
da_lat:vuon_dau_da_lat,Vườn Dâu Đà Lạt,da_lat,landmark,scenic,0.8,CATALOG_NAME_RULE,place_catalog_v11.csv:canonical_name,canonical name indicates scenic landscape,READY,true,semantic-v1,core identity plus experience semantics are supported by catalog-name/manual evidence
da_lat:vuon_dia_dang,Vườn Địa Đàng,da_lat,landmark,iconic,0.6,CATEGORY_RULE,place_catalog_v11.csv:category,category=landmark,READY,false,semantic-v1,core identity plus experience semantics are supported by catalog-name/manual evidence
da_lat:vuon_dia_dang,Vườn Địa Đàng,da_lat,landmark,landmark,1.0,CATEGORY_RULE,place_catalog_v11.csv:category,category=landmark,READY,false,semantic-v1,core identity plus experience semantics are supported by catalog-name/manual evidence
da_lat:vuon_dia_dang,Vườn Địa Đàng,da_lat,landmark,nature,0.8,CATALOG_NAME_RULE,place_catalog_v11.csv:canonical_name,canonical name indicates garden/farm/flower/island/natural landscape,READY,false,semantic-v1,core identity plus experience semantics are supported by catalog-name/manual evidence
da_lat:vuon_dia_dang,Vườn Địa Đàng,da_lat,landmark,photo_spot,0.8,CATEGORY_RULE,place_catalog_v11.csv:category,category=landmark,READY,false,semantic-v1,core identity plus experience semantics are supported by catalog-name/manual evidence
da_lat:vuon_dia_dang,Vườn Địa Đàng,da_lat,landmark,relaxing,0.6,CATALOG_NAME_RULE,place_catalog_v11.csv:canonical_name,canonical name indicates low-pressure leisure setting,READY,false,semantic-v1,core identity plus experience semantics are supported by catalog-name/manual evidence
da_lat:vuon_dia_dang,Vườn Địa Đàng,da_lat,landmark,scenic,0.8,CATALOG_NAME_RULE,place_catalog_v11.csv:canonical_name,canonical name indicates scenic landscape,READY,false,semantic-v1,core identity plus experience semantics are supported by catalog-name/manual evidence
da_lat:vuon_hoa_thanh_pho,Vườn Hoa Thành Phố,da_lat,landmark,iconic,0.6,CATEGORY_RULE,place_catalog_v11.csv:category,category=landmark,READY,true,semantic-v1,core identity plus experience semantics are supported by catalog-name/manual evidence
da_lat:vuon_hoa_thanh_pho,Vườn Hoa Thành Phố,da_lat,landmark,landmark,1.0,CATEGORY_RULE,place_catalog_v11.csv:category,category=landmark,READY,true,semantic-v1,core identity plus experience semantics are supported by catalog-name/manual evidence
da_lat:vuon_hoa_thanh_pho,Vườn Hoa Thành Phố,da_lat,landmark,nature,0.8,CATALOG_NAME_RULE,place_catalog_v11.csv:canonical_name,canonical name indicates garden/farm/flower/island/natural landscape,READY,true,semantic-v1,core identity plus experience semantics are supported by catalog-name/manual evidence
da_lat:vuon_hoa_thanh_pho,Vườn Hoa Thành Phố,da_lat,landmark,photo_spot,0.8,CATEGORY_RULE,place_catalog_v11.csv:category,category=landmark,READY,true,semantic-v1,core identity plus experience semantics are supported by catalog-name/manual evidence
da_lat:vuon_hoa_thanh_pho,Vườn Hoa Thành Phố,da_lat,landmark,relaxing,0.6,CATALOG_NAME_RULE,place_catalog_v11.csv:canonical_name,canonical name indicates low-pressure leisure setting,READY,true,semantic-v1,core identity plus experience semantics are supported by catalog-name/manual evidence
da_lat:vuon_hoa_thanh_pho,Vườn Hoa Thành Phố,da_lat,landmark,scenic,0.8,CATALOG_NAME_RULE,place_catalog_v11.csv:canonical_name,canonical name indicates scenic landscape,READY,true,semantic-v1,core identity plus experience semantics are supported by catalog-name/manual evidence
da_lat:xuong_to_lua,Xưởng Tơ Lụa,da_lat,landmark,iconic,0.6,CATEGORY_RULE,place_catalog_v11.csv:category,category=landmark,PARTIAL,true,semantic-v1,category-derived baseline exists but enrichment evidence remains limited
da_lat:xuong_to_lua,Xưởng Tơ Lụa,da_lat,landmark,landmark,1.0,CATEGORY_RULE,place_catalog_v11.csv:category,category=landmark,PARTIAL,true,semantic-v1,category-derived baseline exists but enrichment evidence remains limited
da_lat:xuong_to_lua,Xưởng Tơ Lụa,da_lat,landmark,photo_spot,0.8,CATEGORY_RULE,place_catalog_v11.csv:category,category=landmark,PARTIAL,true,semantic-v1,category-derived baseline exists but enrichment evidence remains limited
da_nang_hue_hoi_an:ba_na_hills,Bà Nà Hills,da_nang_hue_hoi_an,landmark,iconic,0.8,CATALOG_NAME_RULE,place_catalog_v11.csv:canonical_name,canonical name indicates iconic landmark,READY,true,semantic-v1,core identity plus experience semantics are supported by catalog-name/manual evidence
da_nang_hue_hoi_an:ba_na_hills,Bà Nà Hills,da_nang_hue_hoi_an,landmark,landmark,1.0,CATEGORY_RULE,place_catalog_v11.csv:category,category=landmark,READY,true,semantic-v1,core identity plus experience semantics are supported by catalog-name/manual evidence
da_nang_hue_hoi_an:ba_na_hills,Bà Nà Hills,da_nang_hue_hoi_an,landmark,mountain,0.8,CATALOG_NAME_RULE,place_catalog_v11.csv:canonical_name,canonical name indicates mountain/hill/pass,READY,true,semantic-v1,core identity plus experience semantics are supported by catalog-name/manual evidence
da_nang_hue_hoi_an:ba_na_hills,Bà Nà Hills,da_nang_hue_hoi_an,landmark,photo_spot,0.8,CATEGORY_RULE,place_catalog_v11.csv:category,category=landmark,READY,true,semantic-v1,core identity plus experience semantics are supported by catalog-name/manual evidence
da_nang_hue_hoi_an:ban_dao_son_tra,Bán Đảo Sơn Trà,da_nang_hue_hoi_an,nature,beach,1.0,CATALOG_NAME_RULE,place_catalog_v11.csv:canonical_name,canonical name indicates beach/coast/island,READY,true,semantic-v1,core identity plus experience semantics are supported by catalog-name/manual evidence
da_nang_hue_hoi_an:ban_dao_son_tra,Bán Đảo Sơn Trà,da_nang_hue_hoi_an,nature,countryside,0.8,CATALOG_NAME_RULE,place_catalog_v11.csv:canonical_name,canonical name indicates village/farm/countryside context,READY,true,semantic-v1,core identity plus experience semantics are supported by catalog-name/manual evidence
da_nang_hue_hoi_an:ban_dao_son_tra,Bán Đảo Sơn Trà,da_nang_hue_hoi_an,nature,local,0.8,CATALOG_NAME_RULE,place_catalog_v11.csv:canonical_name,canonical name indicates local discovery context,READY,true,semantic-v1,core identity plus experience semantics are supported by catalog-name/manual evidence
da_nang_hue_hoi_an:ban_dao_son_tra,Bán Đảo Sơn Trà,da_nang_hue_hoi_an,nature,local_culture,0.6,CATALOG_NAME_RULE,place_catalog_v11.csv:canonical_name,canonical name indicates local/community cultural experience,READY,true,semantic-v1,core identity plus experience semantics are supported by catalog-name/manual evidence
da_nang_hue_hoi_an:ban_dao_son_tra,Bán Đảo Sơn Trà,da_nang_hue_hoi_an,nature,nature,1.0,CATEGORY_RULE,place_catalog_v11.csv:category,category=nature,READY,true,semantic-v1,core identity plus experience semantics are supported by catalog-name/manual evidence
da_nang_hue_hoi_an:ban_dao_son_tra,Bán Đảo Sơn Trà,da_nang_hue_hoi_an,nature,photo_spot,0.6,CATALOG_NAME_RULE,place_catalog_v11.csv:canonical_name,canonical name indicates scenic/check-in/photo context,READY,true,semantic-v1,core identity plus experience semantics are supported by catalog-name/manual evidence
da_nang_hue_hoi_an:ban_dao_son_tra,Bán Đảo Sơn Trà,da_nang_hue_hoi_an,nature,relaxing,0.6,CATALOG_NAME_RULE,place_catalog_v11.csv:canonical_name,canonical name indicates low-pressure leisure setting,READY,true,semantic-v1,core identity plus experience semantics are supported by catalog-name/manual evidence
da_nang_hue_hoi_an:ban_dao_son_tra,Bán Đảo Sơn Trà,da_nang_hue_hoi_an,nature,scenic,0.8,CATALOG_NAME_RULE,place_catalog_v11.csv:canonical_name,canonical name indicates scenic landscape,READY,true,semantic-v1,core identity plus experience semantics are supported by catalog-name/manual evidence
da_nang_hue_hoi_an:bien_an_bang,Biển An Bàng,da_nang_hue_hoi_an,nature,beach,1.0,CATALOG_NAME_RULE,place_catalog_v11.csv:canonical_name,canonical name indicates beach/coast/island,READY,false,semantic-v1,core identity plus experience semantics are supported by catalog-name/manual evidence
da_nang_hue_hoi_an:bien_an_bang,Biển An Bàng,da_nang_hue_hoi_an,nature,nature,1.0,CATEGORY_RULE,place_catalog_v11.csv:category,category=nature,READY,false,semantic-v1,core identity plus experience semantics are supported by catalog-name/manual evidence
da_nang_hue_hoi_an:bien_an_bang,Biển An Bàng,da_nang_hue_hoi_an,nature,photo_spot,0.6,CATALOG_NAME_RULE,place_catalog_v11.csv:canonical_name,canonical name indicates scenic/check-in/photo context,READY,false,semantic-v1,core identity plus experience semantics are supported by catalog-name/manual evidence
da_nang_hue_hoi_an:bien_an_bang,Biển An Bàng,da_nang_hue_hoi_an,nature,relaxing,0.6,CATALOG_NAME_RULE,place_catalog_v11.csv:canonical_name,canonical name indicates low-pressure leisure setting,READY,false,semantic-v1,core identity plus experience semantics are supported by catalog-name/manual evidence
da_nang_hue_hoi_an:bien_an_bang,Biển An Bàng,da_nang_hue_hoi_an,nature,scenic,0.8,CATALOG_NAME_RULE,place_catalog_v11.csv:canonical_name,canonical name indicates scenic landscape,READY,false,semantic-v1,core identity plus experience semantics are supported by catalog-name/manual evidence
da_nang_hue_hoi_an:bien_cua_dai,Biển Cửa Đại,da_nang_hue_hoi_an,nature,beach,1.0,CATALOG_NAME_RULE,place_catalog_v11.csv:canonical_name,canonical name indicates beach/coast/island,READY,true,semantic-v1,core identity plus experience semantics are supported by catalog-name/manual evidence
da_nang_hue_hoi_an:bien_cua_dai,Biển Cửa Đại,da_nang_hue_hoi_an,nature,nature,1.0,CATEGORY_RULE,place_catalog_v11.csv:category,category=nature,READY,true,semantic-v1,core identity plus experience semantics are supported by catalog-name/manual evidence
da_nang_hue_hoi_an:bien_cua_dai,Biển Cửa Đại,da_nang_hue_hoi_an,nature,photo_spot,0.6,CATALOG_NAME_RULE,place_catalog_v11.csv:canonical_name,canonical name indicates scenic/check-in/photo context,READY,true,semantic-v1,core identity plus experience semantics are supported by catalog-name/manual evidence
da_nang_hue_hoi_an:bien_cua_dai,Biển Cửa Đại,da_nang_hue_hoi_an,nature,relaxing,0.6,CATALOG_NAME_RULE,place_catalog_v11.csv:canonical_name,canonical name indicates low-pressure leisure setting,READY,true,semantic-v1,core identity plus experience semantics are supported by catalog-name/manual evidence
da_nang_hue_hoi_an:bien_cua_dai,Biển Cửa Đại,da_nang_hue_hoi_an,nature,scenic,0.8,CATALOG_NAME_RULE,place_catalog_v11.csv:canonical_name,canonical name indicates scenic landscape,READY,true,semantic-v1,core identity plus experience semantics are supported by catalog-name/manual evidence
da_nang_hue_hoi_an:bien_my_khe,Biển Mỹ Khê,da_nang_hue_hoi_an,nature,beach,1.0,CATALOG_NAME_RULE,place_catalog_v11.csv:canonical_name,canonical name indicates beach/coast/island,READY,true,semantic-v1,core identity plus experience semantics are supported by catalog-name/manual evidence
da_nang_hue_hoi_an:bien_my_khe,Biển Mỹ Khê,da_nang_hue_hoi_an,nature,nature,1.0,CATEGORY_RULE,place_catalog_v11.csv:category,category=nature,READY,true,semantic-v1,core identity plus experience semantics are supported by catalog-name/manual evidence
da_nang_hue_hoi_an:bien_my_khe,Biển Mỹ Khê,da_nang_hue_hoi_an,nature,photo_spot,0.6,CATALOG_NAME_RULE,place_catalog_v11.csv:canonical_name,canonical name indicates scenic/check-in/photo context,READY,true,semantic-v1,core identity plus experience semantics are supported by catalog-name/manual evidence
da_nang_hue_hoi_an:bien_my_khe,Biển Mỹ Khê,da_nang_hue_hoi_an,nature,relaxing,0.6,CATALOG_NAME_RULE,place_catalog_v11.csv:canonical_name,canonical name indicates low-pressure leisure setting,READY,true,semantic-v1,core identity plus experience semantics are supported by catalog-name/manual evidence
da_nang_hue_hoi_an:bien_my_khe,Biển Mỹ Khê,da_nang_hue_hoi_an,nature,scenic,0.8,CATALOG_NAME_RULE,place_catalog_v11.csv:canonical_name,canonical name indicates scenic landscape,READY,true,semantic-v1,core identity plus experience semantics are supported by catalog-name/manual evidence
da_nang_hue_hoi_an:cau_rong,Cầu Rồng,da_nang_hue_hoi_an,landmark,iconic,0.8,CATALOG_NAME_RULE,place_catalog_v11.csv:canonical_name,canonical name indicates iconic landmark,READY,true,semantic-v1,core identity plus experience semantics are supported by catalog-name/manual evidence
da_nang_hue_hoi_an:cau_rong,Cầu Rồng,da_nang_hue_hoi_an,landmark,landmark,1.0,CATEGORY_RULE,place_catalog_v11.csv:category,category=landmark,READY,true,semantic-v1,core identity plus experience semantics are supported by catalog-name/manual evidence
da_nang_hue_hoi_an:cau_rong,Cầu Rồng,da_nang_hue_hoi_an,landmark,photo_spot,0.8,CATEGORY_RULE,place_catalog_v11.csv:category,category=landmark,READY,true,semantic-v1,core identity plus experience semantics are supported by catalog-name/manual evidence
da_nang_hue_hoi_an:cau_tinh_yeu_da_nang,Cầu Tình Yêu Đà Nẵng,da_nang_hue_hoi_an,landmark,iconic,0.8,CATALOG_NAME_RULE,place_catalog_v11.csv:canonical_name,canonical name indicates iconic landmark,READY,true,semantic-v1,core identity plus experience semantics are supported by catalog-name/manual evidence
da_nang_hue_hoi_an:cau_tinh_yeu_da_nang,Cầu Tình Yêu Đà Nẵng,da_nang_hue_hoi_an,landmark,landmark,1.0,CATEGORY_RULE,place_catalog_v11.csv:category,category=landmark,READY,true,semantic-v1,core identity plus experience semantics are supported by catalog-name/manual evidence
da_nang_hue_hoi_an:cau_tinh_yeu_da_nang,Cầu Tình Yêu Đà Nẵng,da_nang_hue_hoi_an,landmark,photo_spot,0.8,CATEGORY_RULE,place_catalog_v11.csv:category,category=landmark,READY,true,semantic-v1,core identity plus experience semantics are supported by catalog-name/manual evidence
da_nang_hue_hoi_an:cau_vang,Cầu Vàng,da_nang_hue_hoi_an,landmark,iconic,0.8,CATALOG_NAME_RULE,place_catalog_v11.csv:canonical_name,canonical name indicates iconic landmark,READY,true,semantic-v1,core identity plus experience semantics are supported by catalog-name/manual evidence
da_nang_hue_hoi_an:cau_vang,Cầu Vàng,da_nang_hue_hoi_an,landmark,landmark,1.0,CATEGORY_RULE,place_catalog_v11.csv:category,category=landmark,READY,true,semantic-v1,core identity plus experience semantics are supported by catalog-name/manual evidence
da_nang_hue_hoi_an:cau_vang,Cầu Vàng,da_nang_hue_hoi_an,landmark,photo_spot,0.8,CATEGORY_RULE,place_catalog_v11.csv:category,category=landmark,READY,true,semantic-v1,core identity plus experience semantics are supported by catalog-name/manual evidence
da_nang_hue_hoi_an:cho_dong_ba,Chợ Đông Ba,da_nang_hue_hoi_an,market,food,0.8,CATALOG_NAME_RULE,place_catalog_v11.csv:canonical_name,canonical name indicates food/food-adjacent experience,READY,true,semantic-v1,core identity plus experience semantics are supported by catalog-name/manual evidence
da_nang_hue_hoi_an:cho_dong_ba,Chợ Đông Ba,da_nang_hue_hoi_an,market,local,0.8,CATEGORY_RULE,place_catalog_v11.csv:category,category=market,READY,true,semantic-v1,core identity plus experience semantics are supported by catalog-name/manual evidence
da_nang_hue_hoi_an:cho_dong_ba,Chợ Đông Ba,da_nang_hue_hoi_an,market,local_market,0.8,CATALOG_NAME_RULE,place_catalog_v11.csv:canonical_name,canonical name indicates local market,READY,true,semantic-v1,core identity plus experience semantics are supported by catalog-name/manual evidence
da_nang_hue_hoi_an:cho_dong_ba,Chợ Đông Ba,da_nang_hue_hoi_an,market,market,1.0,CATEGORY_RULE,place_catalog_v11.csv:category,category=market,READY,true,semantic-v1,core identity plus experience semantics are supported by catalog-name/manual evidence
da_nang_hue_hoi_an:cho_dong_ba,Chợ Đông Ba,da_nang_hue_hoi_an,market,nature,0.8,CATALOG_NAME_RULE,place_catalog_v11.csv:canonical_name,canonical name indicates cave/grotto nature attraction,READY,true,semantic-v1,core identity plus experience semantics are supported by catalog-name/manual evidence
da_nang_hue_hoi_an:cho_dong_ba,Chợ Đông Ba,da_nang_hue_hoi_an,market,photo_spot,0.6,CATALOG_NAME_RULE,place_catalog_v11.csv:canonical_name,canonical name indicates scenic/check-in/photo context,READY,true,semantic-v1,core identity plus experience semantics are supported by catalog-name/manual evidence
da_nang_hue_hoi_an:cho_dong_ba,Chợ Đông Ba,da_nang_hue_hoi_an,market,scenic,0.8,CATALOG_NAME_RULE,place_catalog_v11.csv:canonical_name,canonical name indicates scenic landscape,READY,true,semantic-v1,core identity plus experience semantics are supported by catalog-name/manual evidence
da_nang_hue_hoi_an:cho_dong_ba,Chợ Đông Ba,da_nang_hue_hoi_an,market,social,0.3,CATALOG_NAME_RULE,place_catalog_v11.csv:canonical_name,canonical name indicates social browsing or meeting context,READY,true,semantic-v1,core identity plus experience semantics are supported by catalog-name/manual evidence
da_nang_hue_hoi_an:cho_dong_ba,Chợ Đông Ba,da_nang_hue_hoi_an,market,urban,0.6,CATALOG_NAME_RULE,place_catalog_v11.csv:canonical_name,canonical name indicates urban/central context,READY,true,semantic-v1,core identity plus experience semantics are supported by catalog-name/manual evidence
da_nang_hue_hoi_an:chua_cau_hoi_an,Chùa Cầu Hội An,da_nang_hue_hoi_an,heritage,cultural,0.8,CATEGORY_RULE,place_catalog_v11.csv:category,category=heritage,READY,true,semantic-v1,core identity plus experience semantics are supported by catalog-name/manual evidence
da_nang_hue_hoi_an:chua_cau_hoi_an,Chùa Cầu Hội An,da_nang_hue_hoi_an,heritage,heritage,1.0,CATEGORY_RULE,place_catalog_v11.csv:category,category=heritage,READY,true,semantic-v1,core identity plus experience semantics are supported by catalog-name/manual evidence
da_nang_hue_hoi_an:chua_cau_hoi_an,Chùa Cầu Hội An,da_nang_hue_hoi_an,heritage,historical,0.8,CATEGORY_RULE,place_catalog_v11.csv:category,category=heritage,READY,true,semantic-v1,core identity plus experience semantics are supported by catalog-name/manual evidence
da_nang_hue_hoi_an:chua_cau_hoi_an,Chùa Cầu Hội An,da_nang_hue_hoi_an,heritage,iconic,0.8,CATALOG_NAME_RULE,place_catalog_v11.csv:canonical_name,canonical name indicates iconic landmark,READY,true,semantic-v1,core identity plus experience semantics are supported by catalog-name/manual evidence
da_nang_hue_hoi_an:chua_cau_hoi_an,Chùa Cầu Hội An,da_nang_hue_hoi_an,heritage,photo_spot,0.6,CATALOG_NAME_RULE,place_catalog_v11.csv:canonical_name,canonical name indicates scenic/check-in/photo context,READY,true,semantic-v1,core identity plus experience semantics are supported by catalog-name/manual evidence
da_nang_hue_hoi_an:chua_linh_ung_son_tra,Chùa Linh Ứng Sơn Trà,da_nang_hue_hoi_an,heritage,cultural,0.8,CATEGORY_RULE,place_catalog_v11.csv:category,category=heritage,PARTIAL,true,semantic-v1,category-derived baseline exists but enrichment evidence remains limited
da_nang_hue_hoi_an:chua_linh_ung_son_tra,Chùa Linh Ứng Sơn Trà,da_nang_hue_hoi_an,heritage,heritage,1.0,CATEGORY_RULE,place_catalog_v11.csv:category,category=heritage,PARTIAL,true,semantic-v1,category-derived baseline exists but enrichment evidence remains limited
da_nang_hue_hoi_an:chua_linh_ung_son_tra,Chùa Linh Ứng Sơn Trà,da_nang_hue_hoi_an,heritage,historical,0.8,CATEGORY_RULE,place_catalog_v11.csv:category,category=heritage,PARTIAL,true,semantic-v1,category-derived baseline exists but enrichment evidence remains limited
da_nang_hue_hoi_an:chua_thien_mu,Chùa Thiên Mụ,da_nang_hue_hoi_an,heritage,cultural,0.8,CATEGORY_RULE,place_catalog_v11.csv:category,category=heritage,PARTIAL,true,semantic-v1,category-derived baseline exists but enrichment evidence remains limited
da_nang_hue_hoi_an:chua_thien_mu,Chùa Thiên Mụ,da_nang_hue_hoi_an,heritage,heritage,1.0,CATEGORY_RULE,place_catalog_v11.csv:category,category=heritage,PARTIAL,true,semantic-v1,category-derived baseline exists but enrichment evidence remains limited
da_nang_hue_hoi_an:chua_thien_mu,Chùa Thiên Mụ,da_nang_hue_hoi_an,heritage,historical,0.8,CATEGORY_RULE,place_catalog_v11.csv:category,category=heritage,PARTIAL,true,semantic-v1,category-derived baseline exists but enrichment evidence remains limited
da_nang_hue_hoi_an:cu_lao_cham,Cù Lao Chàm,da_nang_hue_hoi_an,nature,beach,1.0,CATALOG_NAME_RULE,place_catalog_v11.csv:canonical_name,canonical name indicates beach/coast/island,READY,true,semantic-v1,core identity plus experience semantics are supported by catalog-name/manual evidence
da_nang_hue_hoi_an:cu_lao_cham,Cù Lao Chàm,da_nang_hue_hoi_an,nature,nature,1.0,CATEGORY_RULE,place_catalog_v11.csv:category,category=nature,READY,true,semantic-v1,core identity plus experience semantics are supported by catalog-name/manual evidence
da_nang_hue_hoi_an:cu_lao_cham,Cù Lao Chàm,da_nang_hue_hoi_an,nature,photo_spot,0.6,CATALOG_NAME_RULE,place_catalog_v11.csv:canonical_name,canonical name indicates scenic/check-in/photo context,READY,true,semantic-v1,core identity plus experience semantics are supported by catalog-name/manual evidence
da_nang_hue_hoi_an:cu_lao_cham,Cù Lao Chàm,da_nang_hue_hoi_an,nature,relaxing,0.6,CATALOG_NAME_RULE,place_catalog_v11.csv:canonical_name,canonical name indicates low-pressure leisure setting,READY,true,semantic-v1,core identity plus experience semantics are supported by catalog-name/manual evidence
da_nang_hue_hoi_an:cu_lao_cham,Cù Lao Chàm,da_nang_hue_hoi_an,nature,scenic,0.8,CATALOG_NAME_RULE,place_catalog_v11.csv:canonical_name,canonical name indicates scenic landscape,READY,true,semantic-v1,core identity plus experience semantics are supported by catalog-name/manual evidence
da_nang_hue_hoi_an:dai_noi_hue,Đại Nội Huế,da_nang_hue_hoi_an,heritage,cultural,0.8,CATEGORY_RULE,place_catalog_v11.csv:category,category=heritage,PARTIAL,true,semantic-v1,category-derived baseline exists but enrichment evidence remains limited
da_nang_hue_hoi_an:dai_noi_hue,Đại Nội Huế,da_nang_hue_hoi_an,heritage,heritage,1.0,CATEGORY_RULE,place_catalog_v11.csv:category,category=heritage,PARTIAL,true,semantic-v1,category-derived baseline exists but enrichment evidence remains limited
da_nang_hue_hoi_an:dai_noi_hue,Đại Nội Huế,da_nang_hue_hoi_an,heritage,historical,0.8,CATEGORY_RULE,place_catalog_v11.csv:category,category=heritage,PARTIAL,true,semantic-v1,category-derived baseline exists but enrichment evidence remains limited
da_nang_hue_hoi_an:deo_hai_van,Đèo Hải Vân,da_nang_hue_hoi_an,nature,mountain,0.8,CATALOG_NAME_RULE,place_catalog_v11.csv:canonical_name,canonical name indicates mountain/hill/pass,READY,true,semantic-v1,core identity plus experience semantics are supported by catalog-name/manual evidence
da_nang_hue_hoi_an:deo_hai_van,Đèo Hải Vân,da_nang_hue_hoi_an,nature,nature,1.0,CATEGORY_RULE,place_catalog_v11.csv:category,category=nature,READY,true,semantic-v1,core identity plus experience semantics are supported by catalog-name/manual evidence
da_nang_hue_hoi_an:deo_hai_van,Đèo Hải Vân,da_nang_hue_hoi_an,nature,photo_spot,0.6,CATALOG_NAME_RULE,place_catalog_v11.csv:canonical_name,canonical name indicates scenic/check-in/photo context,READY,true,semantic-v1,core identity plus experience semantics are supported by catalog-name/manual evidence
da_nang_hue_hoi_an:deo_hai_van,Đèo Hải Vân,da_nang_hue_hoi_an,nature,scenic,0.8,CATALOG_NAME_RULE,place_catalog_v11.csv:canonical_name,canonical name indicates scenic landscape,READY,true,semantic-v1,core identity plus experience semantics are supported by catalog-name/manual evidence
da_nang_hue_hoi_an:doi_vong_canh,Đồi Vọng Cảnh,da_nang_hue_hoi_an,nature,mountain,0.8,CATALOG_NAME_RULE,place_catalog_v11.csv:canonical_name,canonical name indicates mountain/hill/pass,READY,true,semantic-v1,core identity plus experience semantics are supported by catalog-name/manual evidence
da_nang_hue_hoi_an:doi_vong_canh,Đồi Vọng Cảnh,da_nang_hue_hoi_an,nature,nature,1.0,CATEGORY_RULE,place_catalog_v11.csv:category,category=nature,READY,true,semantic-v1,core identity plus experience semantics are supported by catalog-name/manual evidence
da_nang_hue_hoi_an:doi_vong_canh,Đồi Vọng Cảnh,da_nang_hue_hoi_an,nature,photo_spot,0.6,CATALOG_NAME_RULE,place_catalog_v11.csv:canonical_name,canonical name indicates scenic/check-in/photo context,READY,true,semantic-v1,core identity plus experience semantics are supported by catalog-name/manual evidence
da_nang_hue_hoi_an:doi_vong_canh,Đồi Vọng Cảnh,da_nang_hue_hoi_an,nature,scenic,0.8,CATALOG_NAME_RULE,place_catalog_v11.csv:canonical_name,canonical name indicates scenic landscape,READY,true,semantic-v1,core identity plus experience semantics are supported by catalog-name/manual evidence
da_nang_hue_hoi_an:hoi_quan_phuc_kien,Hội Quán Phúc Kiến,da_nang_hue_hoi_an,heritage,cultural,0.8,CATEGORY_RULE,place_catalog_v11.csv:category,category=heritage,READY,true,semantic-v1,core identity plus experience semantics are supported by catalog-name/manual evidence
da_nang_hue_hoi_an:hoi_quan_phuc_kien,Hội Quán Phúc Kiến,da_nang_hue_hoi_an,heritage,heritage,1.0,CATEGORY_RULE,place_catalog_v11.csv:category,category=heritage,READY,true,semantic-v1,core identity plus experience semantics are supported by catalog-name/manual evidence
da_nang_hue_hoi_an:hoi_quan_phuc_kien,Hội Quán Phúc Kiến,da_nang_hue_hoi_an,heritage,historical,0.8,CATEGORY_RULE,place_catalog_v11.csv:category,category=heritage,READY,true,semantic-v1,core identity plus experience semantics are supported by catalog-name/manual evidence
da_nang_hue_hoi_an:hoi_quan_phuc_kien,Hội Quán Phúc Kiến,da_nang_hue_hoi_an,heritage,local_culture,0.6,CATALOG_NAME_RULE,place_catalog_v11.csv:canonical_name,canonical name indicates local/community cultural experience,READY,true,semantic-v1,core identity plus experience semantics are supported by catalog-name/manual evidence
da_nang_hue_hoi_an:lang_huong_thuy_xuan,Làng Hương Thủy Xuân,da_nang_hue_hoi_an,heritage,countryside,0.8,CATALOG_NAME_RULE,place_catalog_v11.csv:canonical_name,canonical name indicates village/farm/countryside context,READY,true,semantic-v1,core identity plus experience semantics are supported by catalog-name/manual evidence
da_nang_hue_hoi_an:lang_huong_thuy_xuan,Làng Hương Thủy Xuân,da_nang_hue_hoi_an,heritage,cultural,0.8,CATEGORY_RULE,place_catalog_v11.csv:category,category=heritage,READY,true,semantic-v1,core identity plus experience semantics are supported by catalog-name/manual evidence
da_nang_hue_hoi_an:lang_huong_thuy_xuan,Làng Hương Thủy Xuân,da_nang_hue_hoi_an,heritage,heritage,1.0,CATEGORY_RULE,place_catalog_v11.csv:category,category=heritage,READY,true,semantic-v1,core identity plus experience semantics are supported by catalog-name/manual evidence
da_nang_hue_hoi_an:lang_huong_thuy_xuan,Làng Hương Thủy Xuân,da_nang_hue_hoi_an,heritage,historical,0.8,CATEGORY_RULE,place_catalog_v11.csv:category,category=heritage,READY,true,semantic-v1,core identity plus experience semantics are supported by catalog-name/manual evidence
da_nang_hue_hoi_an:lang_huong_thuy_xuan,Làng Hương Thủy Xuân,da_nang_hue_hoi_an,heritage,local,0.8,CATALOG_NAME_RULE,place_catalog_v11.csv:canonical_name,canonical name indicates local discovery context,READY,true,semantic-v1,core identity plus experience semantics are supported by catalog-name/manual evidence
da_nang_hue_hoi_an:lang_huong_thuy_xuan,Làng Hương Thủy Xuân,da_nang_hue_hoi_an,heritage,local_culture,0.6,CATALOG_NAME_RULE,place_catalog_v11.csv:canonical_name,canonical name indicates local/community cultural experience,READY,true,semantic-v1,core identity plus experience semantics are supported by catalog-name/manual evidence
da_nang_hue_hoi_an:lang_khai_dinh,Lăng Khải Định,da_nang_hue_hoi_an,heritage,countryside,0.8,CATALOG_NAME_RULE,place_catalog_v11.csv:canonical_name,canonical name indicates village/farm/countryside context,READY,true,semantic-v1,core identity plus experience semantics are supported by catalog-name/manual evidence
da_nang_hue_hoi_an:lang_khai_dinh,Lăng Khải Định,da_nang_hue_hoi_an,heritage,cultural,0.8,CATEGORY_RULE,place_catalog_v11.csv:category,category=heritage,READY,true,semantic-v1,core identity plus experience semantics are supported by catalog-name/manual evidence
da_nang_hue_hoi_an:lang_khai_dinh,Lăng Khải Định,da_nang_hue_hoi_an,heritage,heritage,1.0,CATEGORY_RULE,place_catalog_v11.csv:category,category=heritage,READY,true,semantic-v1,core identity plus experience semantics are supported by catalog-name/manual evidence
da_nang_hue_hoi_an:lang_khai_dinh,Lăng Khải Định,da_nang_hue_hoi_an,heritage,historical,0.8,CATEGORY_RULE,place_catalog_v11.csv:category,category=heritage,READY,true,semantic-v1,core identity plus experience semantics are supported by catalog-name/manual evidence
da_nang_hue_hoi_an:lang_khai_dinh,Lăng Khải Định,da_nang_hue_hoi_an,heritage,local,0.8,CATALOG_NAME_RULE,place_catalog_v11.csv:canonical_name,canonical name indicates local discovery context,READY,true,semantic-v1,core identity plus experience semantics are supported by catalog-name/manual evidence
da_nang_hue_hoi_an:lang_khai_dinh,Lăng Khải Định,da_nang_hue_hoi_an,heritage,local_culture,0.6,CATALOG_NAME_RULE,place_catalog_v11.csv:canonical_name,canonical name indicates local/community cultural experience,READY,true,semantic-v1,core identity plus experience semantics are supported by catalog-name/manual evidence
da_nang_hue_hoi_an:lang_minh_mang,Lăng Minh Mạng,da_nang_hue_hoi_an,heritage,countryside,0.8,CATALOG_NAME_RULE,place_catalog_v11.csv:canonical_name,canonical name indicates village/farm/countryside context,READY,true,semantic-v1,core identity plus experience semantics are supported by catalog-name/manual evidence
da_nang_hue_hoi_an:lang_minh_mang,Lăng Minh Mạng,da_nang_hue_hoi_an,heritage,cultural,0.8,CATEGORY_RULE,place_catalog_v11.csv:category,category=heritage,READY,true,semantic-v1,core identity plus experience semantics are supported by catalog-name/manual evidence
da_nang_hue_hoi_an:lang_minh_mang,Lăng Minh Mạng,da_nang_hue_hoi_an,heritage,heritage,1.0,CATEGORY_RULE,place_catalog_v11.csv:category,category=heritage,READY,true,semantic-v1,core identity plus experience semantics are supported by catalog-name/manual evidence
da_nang_hue_hoi_an:lang_minh_mang,Lăng Minh Mạng,da_nang_hue_hoi_an,heritage,historical,0.8,CATEGORY_RULE,place_catalog_v11.csv:category,category=heritage,READY,true,semantic-v1,core identity plus experience semantics are supported by catalog-name/manual evidence
da_nang_hue_hoi_an:lang_minh_mang,Lăng Minh Mạng,da_nang_hue_hoi_an,heritage,local,0.8,CATALOG_NAME_RULE,place_catalog_v11.csv:canonical_name,canonical name indicates local discovery context,READY,true,semantic-v1,core identity plus experience semantics are supported by catalog-name/manual evidence
da_nang_hue_hoi_an:lang_minh_mang,Lăng Minh Mạng,da_nang_hue_hoi_an,heritage,local_culture,0.6,CATALOG_NAME_RULE,place_catalog_v11.csv:canonical_name,canonical name indicates local/community cultural experience,READY,true,semantic-v1,core identity plus experience semantics are supported by catalog-name/manual evidence
da_nang_hue_hoi_an:lang_tu_duc,Lăng Tự Đức,da_nang_hue_hoi_an,heritage,countryside,0.8,CATALOG_NAME_RULE,place_catalog_v11.csv:canonical_name,canonical name indicates village/farm/countryside context,READY,true,semantic-v1,core identity plus experience semantics are supported by catalog-name/manual evidence
da_nang_hue_hoi_an:lang_tu_duc,Lăng Tự Đức,da_nang_hue_hoi_an,heritage,cultural,0.8,CATEGORY_RULE,place_catalog_v11.csv:category,category=heritage,READY,true,semantic-v1,core identity plus experience semantics are supported by catalog-name/manual evidence
da_nang_hue_hoi_an:lang_tu_duc,Lăng Tự Đức,da_nang_hue_hoi_an,heritage,heritage,1.0,CATEGORY_RULE,place_catalog_v11.csv:category,category=heritage,READY,true,semantic-v1,core identity plus experience semantics are supported by catalog-name/manual evidence
da_nang_hue_hoi_an:lang_tu_duc,Lăng Tự Đức,da_nang_hue_hoi_an,heritage,historical,0.8,CATEGORY_RULE,place_catalog_v11.csv:category,category=heritage,READY,true,semantic-v1,core identity plus experience semantics are supported by catalog-name/manual evidence
da_nang_hue_hoi_an:lang_tu_duc,Lăng Tự Đức,da_nang_hue_hoi_an,heritage,local,0.8,CATALOG_NAME_RULE,place_catalog_v11.csv:canonical_name,canonical name indicates local discovery context,READY,true,semantic-v1,core identity plus experience semantics are supported by catalog-name/manual evidence
da_nang_hue_hoi_an:lang_tu_duc,Lăng Tự Đức,da_nang_hue_hoi_an,heritage,local_culture,0.6,CATALOG_NAME_RULE,place_catalog_v11.csv:canonical_name,canonical name indicates local/community cultural experience,READY,true,semantic-v1,core identity plus experience semantics are supported by catalog-name/manual evidence
da_nang_hue_hoi_an:ngu_hanh_son,Ngũ Hành Sơn,da_nang_hue_hoi_an,landmark,iconic,0.6,CATEGORY_RULE,place_catalog_v11.csv:category,category=landmark,PARTIAL,true,semantic-v1,category-derived baseline exists but enrichment evidence remains limited
da_nang_hue_hoi_an:ngu_hanh_son,Ngũ Hành Sơn,da_nang_hue_hoi_an,landmark,landmark,1.0,CATEGORY_RULE,place_catalog_v11.csv:category,category=landmark,PARTIAL,true,semantic-v1,category-derived baseline exists but enrichment evidence remains limited
da_nang_hue_hoi_an:ngu_hanh_son,Ngũ Hành Sơn,da_nang_hue_hoi_an,landmark,photo_spot,0.8,CATEGORY_RULE,place_catalog_v11.csv:category,category=landmark,PARTIAL,true,semantic-v1,category-derived baseline exists but enrichment evidence remains limited
da_nang_hue_hoi_an:nha_co_tan_ky,Nhà Cổ Tấn Ký,da_nang_hue_hoi_an,landmark,cultural,0.8,CATALOG_NAME_RULE,place_catalog_v11.csv:canonical_name,canonical name indicates cultural place,READY,true,semantic-v1,core identity plus experience semantics are supported by catalog-name/manual evidence
da_nang_hue_hoi_an:nha_co_tan_ky,Nhà Cổ Tấn Ký,da_nang_hue_hoi_an,landmark,historical,0.8,CATALOG_NAME_RULE,place_catalog_v11.csv:canonical_name,canonical name indicates historical place,READY,true,semantic-v1,core identity plus experience semantics are supported by catalog-name/manual evidence
da_nang_hue_hoi_an:nha_co_tan_ky,Nhà Cổ Tấn Ký,da_nang_hue_hoi_an,landmark,iconic,0.6,CATEGORY_RULE,place_catalog_v11.csv:category,category=landmark,READY,true,semantic-v1,core identity plus experience semantics are supported by catalog-name/manual evidence
da_nang_hue_hoi_an:nha_co_tan_ky,Nhà Cổ Tấn Ký,da_nang_hue_hoi_an,landmark,landmark,1.0,CATEGORY_RULE,place_catalog_v11.csv:category,category=landmark,READY,true,semantic-v1,core identity plus experience semantics are supported by catalog-name/manual evidence
da_nang_hue_hoi_an:nha_co_tan_ky,Nhà Cổ Tấn Ký,da_nang_hue_hoi_an,landmark,photo_spot,0.8,CATEGORY_RULE,place_catalog_v11.csv:category,category=landmark,READY,true,semantic-v1,core identity plus experience semantics are supported by catalog-name/manual evidence
da_nang_hue_hoi_an:nui_than_tai,Núi Thần Tài,da_nang_hue_hoi_an,nature,mountain,0.8,CATALOG_NAME_RULE,place_catalog_v11.csv:canonical_name,canonical name indicates mountain/hill/pass,READY,true,semantic-v1,core identity plus experience semantics are supported by catalog-name/manual evidence
da_nang_hue_hoi_an:nui_than_tai,Núi Thần Tài,da_nang_hue_hoi_an,nature,nature,1.0,CATEGORY_RULE,place_catalog_v11.csv:category,category=nature,READY,true,semantic-v1,core identity plus experience semantics are supported by catalog-name/manual evidence
da_nang_hue_hoi_an:nui_than_tai,Núi Thần Tài,da_nang_hue_hoi_an,nature,photo_spot,0.6,CATALOG_NAME_RULE,place_catalog_v11.csv:canonical_name,canonical name indicates scenic/check-in/photo context,READY,true,semantic-v1,core identity plus experience semantics are supported by catalog-name/manual evidence
da_nang_hue_hoi_an:nui_than_tai,Núi Thần Tài,da_nang_hue_hoi_an,nature,scenic,0.6,CATEGORY_RULE,place_catalog_v11.csv:category,category=nature,READY,true,semantic-v1,core identity plus experience semantics are supported by catalog-name/manual evidence
da_nang_hue_hoi_an:pha_tam_giang,Phá Tam Giang,da_nang_hue_hoi_an,lake,lake,1.0,CATEGORY_RULE,place_catalog_v11.csv:category,category=lake,READY,true,semantic-v1,core identity plus experience semantics are supported by catalog-name/manual evidence
da_nang_hue_hoi_an:pha_tam_giang,Phá Tam Giang,da_nang_hue_hoi_an,lake,nature,0.8,CATEGORY_RULE,place_catalog_v11.csv:category,category=lake,READY,true,semantic-v1,core identity plus experience semantics are supported by catalog-name/manual evidence
da_nang_hue_hoi_an:pha_tam_giang,Phá Tam Giang,da_nang_hue_hoi_an,lake,relaxing,0.6,CATALOG_NAME_RULE,place_catalog_v11.csv:canonical_name,canonical name indicates low-pressure leisure setting,READY,true,semantic-v1,core identity plus experience semantics are supported by catalog-name/manual evidence
da_nang_hue_hoi_an:pha_tam_giang,Phá Tam Giang,da_nang_hue_hoi_an,lake,scenic,0.8,CATALOG_NAME_RULE,place_catalog_v11.csv:canonical_name,canonical name indicates scenic landscape,READY,true,semantic-v1,core identity plus experience semantics are supported by catalog-name/manual evidence
da_nang_hue_hoi_an:pho_co_hoi_an,Phố Cổ Hội An,da_nang_hue_hoi_an,lake,city_center,0.6,CATALOG_NAME_RULE,place_catalog_v11.csv:canonical_name,canonical name indicates city-center-like environment,NEED_REVIEW,true,semantic-v1,Catalog category is lake but canonical name is an old town.
da_nang_hue_hoi_an:pho_co_hoi_an,Phố Cổ Hội An,da_nang_hue_hoi_an,lake,cultural,0.8,CATALOG_NAME_RULE,place_catalog_v11.csv:canonical_name,canonical name indicates cultural place,NEED_REVIEW,true,semantic-v1,Catalog category is lake but canonical name is an old town.
da_nang_hue_hoi_an:pho_co_hoi_an,Phố Cổ Hội An,da_nang_hue_hoi_an,lake,historical,0.8,CATALOG_NAME_RULE,place_catalog_v11.csv:canonical_name,canonical name indicates historical place,NEED_REVIEW,true,semantic-v1,Catalog category is lake but canonical name is an old town.
da_nang_hue_hoi_an:pho_co_hoi_an,Phố Cổ Hội An,da_nang_hue_hoi_an,lake,lake,1.0,CATEGORY_RULE,place_catalog_v11.csv:category,category=lake,NEED_REVIEW,true,semantic-v1,Catalog category is lake but canonical name is an old town.
da_nang_hue_hoi_an:pho_co_hoi_an,Phố Cổ Hội An,da_nang_hue_hoi_an,lake,local_culture,0.6,CATALOG_NAME_RULE,place_catalog_v11.csv:canonical_name,canonical name indicates local/community cultural experience,NEED_REVIEW,true,semantic-v1,Catalog category is lake but canonical name is an old town.
da_nang_hue_hoi_an:pho_co_hoi_an,Phố Cổ Hội An,da_nang_hue_hoi_an,lake,nature,0.8,CATEGORY_RULE,place_catalog_v11.csv:category,category=lake,NEED_REVIEW,true,semantic-v1,Catalog category is lake but canonical name is an old town.
da_nang_hue_hoi_an:pho_co_hoi_an,Phố Cổ Hội An,da_nang_hue_hoi_an,lake,scenic,0.6,CATEGORY_RULE,place_catalog_v11.csv:category,category=lake,NEED_REVIEW,true,semantic-v1,Catalog category is lake but canonical name is an old town.
da_nang_hue_hoi_an:pho_co_hoi_an,Phố Cổ Hội An,da_nang_hue_hoi_an,lake,urban,0.6,CATALOG_NAME_RULE,place_catalog_v11.csv:canonical_name,canonical name indicates urban/central context,NEED_REVIEW,true,semantic-v1,Catalog category is lake but canonical name is an old town.
da_nang_hue_hoi_an:pho_co_hoi_an,Phố Cổ Hội An,da_nang_hue_hoi_an,lake,walking_area,0.6,CATALOG_NAME_RULE,place_catalog_v11.csv:canonical_name,canonical name indicates open strolling/walking context,NEED_REVIEW,true,semantic-v1,Catalog category is lake but canonical name is an old town.
da_nang_hue_hoi_an:rung_dua_bay_mau,Rừng Dừa Bảy Mẫu,da_nang_hue_hoi_an,nature,forest,0.8,CATALOG_NAME_RULE,place_catalog_v11.csv:canonical_name,canonical name indicates forest/national park,READY,true,semantic-v1,core identity plus experience semantics are supported by catalog-name/manual evidence
da_nang_hue_hoi_an:rung_dua_bay_mau,Rừng Dừa Bảy Mẫu,da_nang_hue_hoi_an,nature,nature,1.0,CATEGORY_RULE,place_catalog_v11.csv:category,category=nature,READY,true,semantic-v1,core identity plus experience semantics are supported by catalog-name/manual evidence
da_nang_hue_hoi_an:rung_dua_bay_mau,Rừng Dừa Bảy Mẫu,da_nang_hue_hoi_an,nature,scenic,0.6,CATEGORY_RULE,place_catalog_v11.csv:category,category=nature,READY,true,semantic-v1,core identity plus experience semantics are supported by catalog-name/manual evidence
da_nang_hue_hoi_an:song_hoai,Sông Hoài,da_nang_hue_hoi_an,lake,lake,1.0,CATEGORY_RULE,place_catalog_v11.csv:category,category=lake,READY,true,semantic-v1,core identity plus experience semantics are supported by catalog-name/manual evidence
da_nang_hue_hoi_an:song_hoai,Sông Hoài,da_nang_hue_hoi_an,lake,nature,0.8,CATEGORY_RULE,place_catalog_v11.csv:category,category=lake,READY,true,semantic-v1,core identity plus experience semantics are supported by catalog-name/manual evidence
da_nang_hue_hoi_an:song_hoai,Sông Hoài,da_nang_hue_hoi_an,lake,relaxing,0.6,CATALOG_NAME_RULE,place_catalog_v11.csv:canonical_name,canonical name indicates low-pressure leisure setting,READY,true,semantic-v1,core identity plus experience semantics are supported by catalog-name/manual evidence
da_nang_hue_hoi_an:song_hoai,Sông Hoài,da_nang_hue_hoi_an,lake,scenic,0.8,CATALOG_NAME_RULE,place_catalog_v11.csv:canonical_name,canonical name indicates scenic landscape,READY,true,semantic-v1,core identity plus experience semantics are supported by catalog-name/manual evidence
da_nang_hue_hoi_an:song_huong,Sông Hương,da_nang_hue_hoi_an,lake,lake,1.0,CATEGORY_RULE,place_catalog_v11.csv:category,category=lake,READY,true,semantic-v1,core identity plus experience semantics are supported by catalog-name/manual evidence
da_nang_hue_hoi_an:song_huong,Sông Hương,da_nang_hue_hoi_an,lake,nature,0.8,CATEGORY_RULE,place_catalog_v11.csv:category,category=lake,READY,true,semantic-v1,core identity plus experience semantics are supported by catalog-name/manual evidence
da_nang_hue_hoi_an:song_huong,Sông Hương,da_nang_hue_hoi_an,lake,relaxing,0.6,CATALOG_NAME_RULE,place_catalog_v11.csv:canonical_name,canonical name indicates low-pressure leisure setting,READY,true,semantic-v1,core identity plus experience semantics are supported by catalog-name/manual evidence
da_nang_hue_hoi_an:song_huong,Sông Hương,da_nang_hue_hoi_an,lake,scenic,0.8,CATALOG_NAME_RULE,place_catalog_v11.csv:canonical_name,canonical name indicates scenic landscape,READY,true,semantic-v1,core identity plus experience semantics are supported by catalog-name/manual evidence
da_nang_hue_hoi_an:thanh_dia_la_vang,Thánh Địa La Vang,da_nang_hue_hoi_an,heritage,cultural,0.8,CATEGORY_RULE,place_catalog_v11.csv:category,category=heritage,PARTIAL,false,semantic-v1,category-derived baseline exists but enrichment evidence remains limited
da_nang_hue_hoi_an:thanh_dia_la_vang,Thánh Địa La Vang,da_nang_hue_hoi_an,heritage,heritage,1.0,CATEGORY_RULE,place_catalog_v11.csv:category,category=heritage,PARTIAL,false,semantic-v1,category-derived baseline exists but enrichment evidence remains limited
da_nang_hue_hoi_an:thanh_dia_la_vang,Thánh Địa La Vang,da_nang_hue_hoi_an,heritage,historical,0.8,CATEGORY_RULE,place_catalog_v11.csv:category,category=heritage,PARTIAL,false,semantic-v1,category-derived baseline exists but enrichment evidence remains limited
da_nang_hue_hoi_an:thanh_dia_my_son,Thánh Địa Mỹ Sơn,da_nang_hue_hoi_an,heritage,cultural,0.8,CATEGORY_RULE,place_catalog_v11.csv:category,category=heritage,PARTIAL,true,semantic-v1,category-derived baseline exists but enrichment evidence remains limited
da_nang_hue_hoi_an:thanh_dia_my_son,Thánh Địa Mỹ Sơn,da_nang_hue_hoi_an,heritage,heritage,1.0,CATEGORY_RULE,place_catalog_v11.csv:category,category=heritage,PARTIAL,true,semantic-v1,category-derived baseline exists but enrichment evidence remains limited
da_nang_hue_hoi_an:thanh_dia_my_son,Thánh Địa Mỹ Sơn,da_nang_hue_hoi_an,heritage,historical,0.8,CATEGORY_RULE,place_catalog_v11.csv:category,category=heritage,PARTIAL,true,semantic-v1,category-derived baseline exists but enrichment evidence remains limited
ha_noi:ban_cat_cat,Bản Cát Cát,ha_noi,landmark,countryside,0.8,CATALOG_NAME_RULE,place_catalog_v11.csv:canonical_name,canonical name indicates village/farm/countryside context,READY,true,semantic-v1,core identity plus experience semantics are supported by catalog-name/manual evidence
ha_noi:ban_cat_cat,Bản Cát Cát,ha_noi,landmark,iconic,0.6,CATEGORY_RULE,place_catalog_v11.csv:category,category=landmark,READY,true,semantic-v1,core identity plus experience semantics are supported by catalog-name/manual evidence
ha_noi:ban_cat_cat,Bản Cát Cát,ha_noi,landmark,landmark,1.0,CATEGORY_RULE,place_catalog_v11.csv:category,category=landmark,READY,true,semantic-v1,core identity plus experience semantics are supported by catalog-name/manual evidence
ha_noi:ban_cat_cat,Bản Cát Cát,ha_noi,landmark,local,0.8,CATALOG_NAME_RULE,place_catalog_v11.csv:canonical_name,canonical name indicates local discovery context,READY,true,semantic-v1,core identity plus experience semantics are supported by catalog-name/manual evidence
ha_noi:ban_cat_cat,Bản Cát Cát,ha_noi,landmark,local_culture,0.6,CATALOG_NAME_RULE,place_catalog_v11.csv:canonical_name,canonical name indicates local/community cultural experience,READY,true,semantic-v1,core identity plus experience semantics are supported by catalog-name/manual evidence
ha_noi:ban_cat_cat,Bản Cát Cát,ha_noi,landmark,photo_spot,0.8,CATEGORY_RULE,place_catalog_v11.csv:category,category=landmark,READY,true,semantic-v1,core identity plus experience semantics are supported by catalog-name/manual evidence
ha_noi:ban_lac,Bản Lác,ha_noi,landmark,countryside,0.8,CATALOG_NAME_RULE,place_catalog_v11.csv:canonical_name,canonical name indicates village/farm/countryside context,READY,true,semantic-v1,core identity plus experience semantics are supported by catalog-name/manual evidence
ha_noi:ban_lac,Bản Lác,ha_noi,landmark,iconic,0.6,CATEGORY_RULE,place_catalog_v11.csv:category,category=landmark,READY,true,semantic-v1,core identity plus experience semantics are supported by catalog-name/manual evidence
ha_noi:ban_lac,Bản Lác,ha_noi,landmark,landmark,1.0,CATEGORY_RULE,place_catalog_v11.csv:category,category=landmark,READY,true,semantic-v1,core identity plus experience semantics are supported by catalog-name/manual evidence
ha_noi:ban_lac,Bản Lác,ha_noi,landmark,local,0.8,CATALOG_NAME_RULE,place_catalog_v11.csv:canonical_name,canonical name indicates local discovery context,READY,true,semantic-v1,core identity plus experience semantics are supported by catalog-name/manual evidence
ha_noi:ban_lac,Bản Lác,ha_noi,landmark,local_culture,0.6,CATALOG_NAME_RULE,place_catalog_v11.csv:canonical_name,canonical name indicates local/community cultural experience,READY,true,semantic-v1,core identity plus experience semantics are supported by catalog-name/manual evidence
ha_noi:ban_lac,Bản Lác,ha_noi,landmark,photo_spot,0.8,CATEGORY_RULE,place_catalog_v11.csv:category,category=landmark,READY,true,semantic-v1,core identity plus experience semantics are supported by catalog-name/manual evidence
ha_noi:bao_tang_dan_toc_hoc,Bảo Tàng Dân Tộc Học,ha_noi,heritage,cultural,0.8,CATEGORY_RULE,place_catalog_v11.csv:category,category=heritage,PARTIAL,true,semantic-v1,category-derived baseline exists but enrichment evidence remains limited
ha_noi:bao_tang_dan_toc_hoc,Bảo Tàng Dân Tộc Học,ha_noi,heritage,heritage,1.0,CATEGORY_RULE,place_catalog_v11.csv:category,category=heritage,PARTIAL,true,semantic-v1,category-derived baseline exists but enrichment evidence remains limited
ha_noi:bao_tang_dan_toc_hoc,Bảo Tàng Dân Tộc Học,ha_noi,heritage,historical,0.8,CATEGORY_RULE,place_catalog_v11.csv:category,category=heritage,PARTIAL,true,semantic-v1,category-derived baseline exists but enrichment evidence remains limited
ha_noi:bao_tang_dan_toc_hoc,Bảo Tàng Dân Tộc Học,ha_noi,heritage,museum,1.0,CATALOG_NAME_RULE,place_catalog_v11.csv:canonical_name,canonical name indicates museum,PARTIAL,true,semantic-v1,category-derived baseline exists but enrichment evidence remains limited
ha_noi:cau_the_huc,Cầu Thê Húc,ha_noi,landmark,iconic,0.8,CATALOG_NAME_RULE,place_catalog_v11.csv:canonical_name,canonical name indicates iconic landmark,READY,true,semantic-v1,core identity plus experience semantics are supported by catalog-name/manual evidence
ha_noi:cau_the_huc,Cầu Thê Húc,ha_noi,landmark,landmark,1.0,CATEGORY_RULE,place_catalog_v11.csv:category,category=landmark,READY,true,semantic-v1,core identity plus experience semantics are supported by catalog-name/manual evidence
ha_noi:cau_the_huc,Cầu Thê Húc,ha_noi,landmark,photo_spot,0.8,CATEGORY_RULE,place_catalog_v11.csv:category,category=landmark,READY,true,semantic-v1,core identity plus experience semantics are supported by catalog-name/manual evidence
ha_noi:chua_bai_dinh,Chùa Bái Đính,ha_noi,heritage,beach,1.0,CATALOG_NAME_RULE,place_catalog_v11.csv:canonical_name,canonical name indicates beach/coast/island,READY,true,semantic-v1,core identity plus experience semantics are supported by catalog-name/manual evidence
ha_noi:chua_bai_dinh,Chùa Bái Đính,ha_noi,heritage,cultural,0.8,CATEGORY_RULE,place_catalog_v11.csv:category,category=heritage,READY,true,semantic-v1,core identity plus experience semantics are supported by catalog-name/manual evidence
ha_noi:chua_bai_dinh,Chùa Bái Đính,ha_noi,heritage,heritage,1.0,CATEGORY_RULE,place_catalog_v11.csv:category,category=heritage,READY,true,semantic-v1,core identity plus experience semantics are supported by catalog-name/manual evidence
ha_noi:chua_bai_dinh,Chùa Bái Đính,ha_noi,heritage,historical,0.8,CATEGORY_RULE,place_catalog_v11.csv:category,category=heritage,READY,true,semantic-v1,core identity plus experience semantics are supported by catalog-name/manual evidence
ha_noi:chua_bai_dinh,Chùa Bái Đính,ha_noi,heritage,photo_spot,0.6,CATALOG_NAME_RULE,place_catalog_v11.csv:canonical_name,canonical name indicates scenic/check-in/photo context,READY,true,semantic-v1,core identity plus experience semantics are supported by catalog-name/manual evidence
ha_noi:chua_bai_dinh,Chùa Bái Đính,ha_noi,heritage,relaxing,0.6,CATALOG_NAME_RULE,place_catalog_v11.csv:canonical_name,canonical name indicates low-pressure leisure setting,READY,true,semantic-v1,core identity plus experience semantics are supported by catalog-name/manual evidence
ha_noi:chua_bai_dinh,Chùa Bái Đính,ha_noi,heritage,scenic,0.8,CATALOG_NAME_RULE,place_catalog_v11.csv:canonical_name,canonical name indicates scenic landscape,READY,true,semantic-v1,core identity plus experience semantics are supported by catalog-name/manual evidence
ha_noi:chua_huong,Chùa Hương,ha_noi,heritage,cultural,0.8,CATEGORY_RULE,place_catalog_v11.csv:category,category=heritage,PARTIAL,true,semantic-v1,category-derived baseline exists but enrichment evidence remains limited
ha_noi:chua_huong,Chùa Hương,ha_noi,heritage,heritage,1.0,CATEGORY_RULE,place_catalog_v11.csv:category,category=heritage,PARTIAL,true,semantic-v1,category-derived baseline exists but enrichment evidence remains limited
ha_noi:chua_huong,Chùa Hương,ha_noi,heritage,historical,0.8,CATEGORY_RULE,place_catalog_v11.csv:category,category=heritage,PARTIAL,true,semantic-v1,category-derived baseline exists but enrichment evidence remains limited
ha_noi:chua_mot_cot,Chùa Một Cột,ha_noi,heritage,cultural,0.8,CATEGORY_RULE,place_catalog_v11.csv:category,category=heritage,PARTIAL,true,semantic-v1,category-derived baseline exists but enrichment evidence remains limited
ha_noi:chua_mot_cot,Chùa Một Cột,ha_noi,heritage,heritage,1.0,CATEGORY_RULE,place_catalog_v11.csv:category,category=heritage,PARTIAL,true,semantic-v1,category-derived baseline exists but enrichment evidence remains limited
ha_noi:chua_mot_cot,Chùa Một Cột,ha_noi,heritage,historical,0.8,CATEGORY_RULE,place_catalog_v11.csv:category,category=heritage,PARTIAL,true,semantic-v1,category-derived baseline exists but enrichment evidence remains limited
ha_noi:chua_tran_quoc,Chùa Trấn Quốc,ha_noi,heritage,cultural,0.8,CATEGORY_RULE,place_catalog_v11.csv:category,category=heritage,PARTIAL,true,semantic-v1,category-derived baseline exists but enrichment evidence remains limited
ha_noi:chua_tran_quoc,Chùa Trấn Quốc,ha_noi,heritage,heritage,1.0,CATEGORY_RULE,place_catalog_v11.csv:category,category=heritage,PARTIAL,true,semantic-v1,category-derived baseline exists but enrichment evidence remains limited
ha_noi:chua_tran_quoc,Chùa Trấn Quốc,ha_noi,heritage,historical,0.8,CATEGORY_RULE,place_catalog_v11.csv:category,category=heritage,PARTIAL,true,semantic-v1,category-derived baseline exists but enrichment evidence remains limited
ha_noi:den_ngoc_son,Đền Ngọc Sơn,ha_noi,heritage,cultural,0.8,CATEGORY_RULE,place_catalog_v11.csv:category,category=heritage,PARTIAL,true,semantic-v1,category-derived baseline exists but enrichment evidence remains limited
ha_noi:den_ngoc_son,Đền Ngọc Sơn,ha_noi,heritage,heritage,1.0,CATEGORY_RULE,place_catalog_v11.csv:category,category=heritage,PARTIAL,true,semantic-v1,category-derived baseline exists but enrichment evidence remains limited
ha_noi:den_ngoc_son,Đền Ngọc Sơn,ha_noi,heritage,historical,0.8,CATEGORY_RULE,place_catalog_v11.csv:category,category=heritage,PARTIAL,true,semantic-v1,category-derived baseline exists but enrichment evidence remains limited
ha_noi:dong_thien_cung,Động Thiên Cung,ha_noi,nature,nature,1.0,CATEGORY_RULE,place_catalog_v11.csv:category,category=nature,READY,true,semantic-v1,core identity plus experience semantics are supported by catalog-name/manual evidence
ha_noi:dong_thien_cung,Động Thiên Cung,ha_noi,nature,photo_spot,0.6,CATALOG_NAME_RULE,place_catalog_v11.csv:canonical_name,canonical name indicates scenic/check-in/photo context,READY,true,semantic-v1,core identity plus experience semantics are supported by catalog-name/manual evidence
ha_noi:dong_thien_cung,Động Thiên Cung,ha_noi,nature,scenic,0.8,CATALOG_NAME_RULE,place_catalog_v11.csv:canonical_name,canonical name indicates scenic landscape,READY,true,semantic-v1,core identity plus experience semantics are supported by catalog-name/manual evidence
ha_noi:fansipan,Fansipan,ha_noi,landmark,iconic,0.6,CATEGORY_RULE,place_catalog_v11.csv:category,category=landmark,READY,true,semantic-v1,core identity plus experience semantics are supported by catalog-name/manual evidence
ha_noi:fansipan,Fansipan,ha_noi,landmark,landmark,1.0,CATEGORY_RULE,place_catalog_v11.csv:category,category=landmark,READY,true,semantic-v1,core identity plus experience semantics are supported by catalog-name/manual evidence
ha_noi:fansipan,Fansipan,ha_noi,landmark,mountain,0.8,CATALOG_NAME_RULE,place_catalog_v11.csv:canonical_name,canonical name indicates mountain/hill/pass,READY,true,semantic-v1,core identity plus experience semantics are supported by catalog-name/manual evidence
ha_noi:fansipan,Fansipan,ha_noi,landmark,photo_spot,0.8,CATEGORY_RULE,place_catalog_v11.csv:category,category=landmark,READY,true,semantic-v1,core identity plus experience semantics are supported by catalog-name/manual evidence
ha_noi:hang_mua,Hang Múa,ha_noi,nature,nature,1.0,CATEGORY_RULE,place_catalog_v11.csv:category,category=nature,READY,true,semantic-v1,core identity plus experience semantics are supported by catalog-name/manual evidence
ha_noi:hang_mua,Hang Múa,ha_noi,nature,photo_spot,0.6,CATALOG_NAME_RULE,place_catalog_v11.csv:canonical_name,canonical name indicates scenic/check-in/photo context,READY,true,semantic-v1,core identity plus experience semantics are supported by catalog-name/manual evidence
ha_noi:hang_mua,Hang Múa,ha_noi,nature,scenic,0.8,CATALOG_NAME_RULE,place_catalog_v11.csv:canonical_name,canonical name indicates scenic landscape,READY,true,semantic-v1,core identity plus experience semantics are supported by catalog-name/manual evidence
ha_noi:hang_sung_sot,Hang Sửng Sốt,ha_noi,nature,nature,1.0,CATEGORY_RULE,place_catalog_v11.csv:category,category=nature,READY,true,semantic-v1,core identity plus experience semantics are supported by catalog-name/manual evidence
ha_noi:hang_sung_sot,Hang Sửng Sốt,ha_noi,nature,photo_spot,0.6,CATALOG_NAME_RULE,place_catalog_v11.csv:canonical_name,canonical name indicates scenic/check-in/photo context,READY,true,semantic-v1,core identity plus experience semantics are supported by catalog-name/manual evidence
ha_noi:hang_sung_sot,Hang Sửng Sốt,ha_noi,nature,scenic,0.8,CATALOG_NAME_RULE,place_catalog_v11.csv:canonical_name,canonical name indicates scenic landscape,READY,true,semantic-v1,core identity plus experience semantics are supported by catalog-name/manual evidence
ha_noi:ho_dai_lai,Hồ Đại Lải,ha_noi,lake,lake,1.0,CATEGORY_RULE,place_catalog_v11.csv:category,category=lake,READY,true,semantic-v1,core identity plus experience semantics are supported by catalog-name/manual evidence
ha_noi:ho_dai_lai,Hồ Đại Lải,ha_noi,lake,nature,0.8,CATEGORY_RULE,place_catalog_v11.csv:category,category=lake,READY,true,semantic-v1,core identity plus experience semantics are supported by catalog-name/manual evidence
ha_noi:ho_dai_lai,Hồ Đại Lải,ha_noi,lake,relaxing,0.6,CATALOG_NAME_RULE,place_catalog_v11.csv:canonical_name,canonical name indicates low-pressure leisure setting,READY,true,semantic-v1,core identity plus experience semantics are supported by catalog-name/manual evidence
ha_noi:ho_dai_lai,Hồ Đại Lải,ha_noi,lake,scenic,0.8,CATALOG_NAME_RULE,place_catalog_v11.csv:canonical_name,canonical name indicates scenic landscape,READY,true,semantic-v1,core identity plus experience semantics are supported by catalog-name/manual evidence
ha_noi:ho_dai_lai,Hồ Đại Lải,ha_noi,lake,walking_area,0.6,CATALOG_NAME_RULE,place_catalog_v11.csv:canonical_name,canonical name indicates open strolling/walking context,READY,true,semantic-v1,core identity plus experience semantics are supported by catalog-name/manual evidence
ha_noi:ho_hoan_kiem,Hồ Hoàn Kiếm,ha_noi,lake,lake,1.0,CATEGORY_RULE,place_catalog_v11.csv:category,category=lake,READY,true,semantic-v1,core identity plus experience semantics are supported by catalog-name/manual evidence
ha_noi:ho_hoan_kiem,Hồ Hoàn Kiếm,ha_noi,lake,nature,0.8,CATEGORY_RULE,place_catalog_v11.csv:category,category=lake,READY,true,semantic-v1,core identity plus experience semantics are supported by catalog-name/manual evidence
ha_noi:ho_hoan_kiem,Hồ Hoàn Kiếm,ha_noi,lake,relaxing,0.6,CATALOG_NAME_RULE,place_catalog_v11.csv:canonical_name,canonical name indicates low-pressure leisure setting,READY,true,semantic-v1,core identity plus experience semantics are supported by catalog-name/manual evidence
ha_noi:ho_hoan_kiem,Hồ Hoàn Kiếm,ha_noi,lake,scenic,0.8,CATALOG_NAME_RULE,place_catalog_v11.csv:canonical_name,canonical name indicates scenic landscape,READY,true,semantic-v1,core identity plus experience semantics are supported by catalog-name/manual evidence
ha_noi:ho_hoan_kiem,Hồ Hoàn Kiếm,ha_noi,lake,walking_area,0.6,CATALOG_NAME_RULE,place_catalog_v11.csv:canonical_name,canonical name indicates open strolling/walking context,READY,true,semantic-v1,core identity plus experience semantics are supported by catalog-name/manual evidence
ha_noi:ho_tay,Hồ Tây,ha_noi,lake,lake,1.0,CATEGORY_RULE,place_catalog_v11.csv:category,category=lake,READY,true,semantic-v1,core identity plus experience semantics are supported by catalog-name/manual evidence
ha_noi:ho_tay,Hồ Tây,ha_noi,lake,nature,0.8,CATEGORY_RULE,place_catalog_v11.csv:category,category=lake,READY,true,semantic-v1,core identity plus experience semantics are supported by catalog-name/manual evidence
ha_noi:ho_tay,Hồ Tây,ha_noi,lake,relaxing,0.6,CATALOG_NAME_RULE,place_catalog_v11.csv:canonical_name,canonical name indicates low-pressure leisure setting,READY,true,semantic-v1,core identity plus experience semantics are supported by catalog-name/manual evidence
ha_noi:ho_tay,Hồ Tây,ha_noi,lake,scenic,0.8,CATALOG_NAME_RULE,place_catalog_v11.csv:canonical_name,canonical name indicates scenic landscape,READY,true,semantic-v1,core identity plus experience semantics are supported by catalog-name/manual evidence
ha_noi:ho_tay,Hồ Tây,ha_noi,lake,walking_area,0.6,CATALOG_NAME_RULE,place_catalog_v11.csv:canonical_name,canonical name indicates open strolling/walking context,READY,true,semantic-v1,core identity plus experience semantics are supported by catalog-name/manual evidence
ha_noi:hoa_lu,Hoa Lư,ha_noi,heritage,cultural,0.8,CATEGORY_RULE,place_catalog_v11.csv:category,category=heritage,PARTIAL,true,semantic-v1,category-derived baseline exists but enrichment evidence remains limited
ha_noi:hoa_lu,Hoa Lư,ha_noi,heritage,heritage,1.0,CATEGORY_RULE,place_catalog_v11.csv:category,category=heritage,PARTIAL,true,semantic-v1,category-derived baseline exists but enrichment evidence remains limited
ha_noi:hoa_lu,Hoa Lư,ha_noi,heritage,historical,0.8,CATEGORY_RULE,place_catalog_v11.csv:category,category=heritage,PARTIAL,true,semantic-v1,category-derived baseline exists but enrichment evidence remains limited
ha_noi:lang_chu_tich_ho_chi_minh,Lăng Chủ Tịch Hồ Chí Minh,ha_noi,lake,countryside,0.8,CATALOG_NAME_RULE,place_catalog_v11.csv:canonical_name,canonical name indicates village/farm/countryside context,NEED_REVIEW,true,semantic-v1,Catalog category is lake but canonical name is a mausoleum.
ha_noi:lang_chu_tich_ho_chi_minh,Lăng Chủ Tịch Hồ Chí Minh,ha_noi,lake,cultural,0.8,CATALOG_NAME_RULE,place_catalog_v11.csv:canonical_name,canonical name indicates cultural place,NEED_REVIEW,true,semantic-v1,Catalog category is lake but canonical name is a mausoleum.
ha_noi:lang_chu_tich_ho_chi_minh,Lăng Chủ Tịch Hồ Chí Minh,ha_noi,lake,heritage,1.0,CATALOG_NAME_RULE,place_catalog_v11.csv:canonical_name,canonical name indicates heritage/spiritual/historical site,NEED_REVIEW,true,semantic-v1,Catalog category is lake but canonical name is a mausoleum.
ha_noi:lang_chu_tich_ho_chi_minh,Lăng Chủ Tịch Hồ Chí Minh,ha_noi,lake,historical,0.8,CATALOG_NAME_RULE,place_catalog_v11.csv:canonical_name,canonical name indicates historical place,NEED_REVIEW,true,semantic-v1,Catalog category is lake but canonical name is a mausoleum.
ha_noi:lang_chu_tich_ho_chi_minh,Lăng Chủ Tịch Hồ Chí Minh,ha_noi,lake,lake,1.0,CATEGORY_RULE,place_catalog_v11.csv:category,category=lake,NEED_REVIEW,true,semantic-v1,Catalog category is lake but canonical name is a mausoleum.
ha_noi:lang_chu_tich_ho_chi_minh,Lăng Chủ Tịch Hồ Chí Minh,ha_noi,lake,local,0.8,CATALOG_NAME_RULE,place_catalog_v11.csv:canonical_name,canonical name indicates local discovery context,NEED_REVIEW,true,semantic-v1,Catalog category is lake but canonical name is a mausoleum.
ha_noi:lang_chu_tich_ho_chi_minh,Lăng Chủ Tịch Hồ Chí Minh,ha_noi,lake,local_culture,0.6,CATALOG_NAME_RULE,place_catalog_v11.csv:canonical_name,canonical name indicates local/community cultural experience,NEED_REVIEW,true,semantic-v1,Catalog category is lake but canonical name is a mausoleum.
ha_noi:lang_chu_tich_ho_chi_minh,Lăng Chủ Tịch Hồ Chí Minh,ha_noi,lake,nature,0.8,CATEGORY_RULE,place_catalog_v11.csv:category,category=lake,NEED_REVIEW,true,semantic-v1,Catalog category is lake but canonical name is a mausoleum.
ha_noi:lang_chu_tich_ho_chi_minh,Lăng Chủ Tịch Hồ Chí Minh,ha_noi,lake,relaxing,0.6,CATALOG_NAME_RULE,place_catalog_v11.csv:canonical_name,canonical name indicates low-pressure leisure setting,NEED_REVIEW,true,semantic-v1,Catalog category is lake but canonical name is a mausoleum.
ha_noi:lang_chu_tich_ho_chi_minh,Lăng Chủ Tịch Hồ Chí Minh,ha_noi,lake,scenic,0.8,CATALOG_NAME_RULE,place_catalog_v11.csv:canonical_name,canonical name indicates scenic landscape,NEED_REVIEW,true,semantic-v1,Catalog category is lake but canonical name is a mausoleum.
ha_noi:lang_chu_tich_ho_chi_minh,Lăng Chủ Tịch Hồ Chí Minh,ha_noi,lake,walking_area,0.6,CATALOG_NAME_RULE,place_catalog_v11.csv:canonical_name,canonical name indicates open strolling/walking context,NEED_REVIEW,true,semantic-v1,Catalog category is lake but canonical name is a mausoleum.
ha_noi:lang_co_duong_lam,Làng Cổ Đường Lâm,ha_noi,heritage,countryside,0.8,CATALOG_NAME_RULE,place_catalog_v11.csv:canonical_name,canonical name indicates village/farm/countryside context,READY,false,semantic-v1,core identity plus experience semantics are supported by catalog-name/manual evidence
ha_noi:lang_co_duong_lam,Làng Cổ Đường Lâm,ha_noi,heritage,cultural,0.8,CATEGORY_RULE,place_catalog_v11.csv:category,category=heritage,READY,false,semantic-v1,core identity plus experience semantics are supported by catalog-name/manual evidence
ha_noi:lang_co_duong_lam,Làng Cổ Đường Lâm,ha_noi,heritage,heritage,1.0,CATEGORY_RULE,place_catalog_v11.csv:category,category=heritage,READY,false,semantic-v1,core identity plus experience semantics are supported by catalog-name/manual evidence
ha_noi:lang_co_duong_lam,Làng Cổ Đường Lâm,ha_noi,heritage,historical,0.8,CATEGORY_RULE,place_catalog_v11.csv:category,category=heritage,READY,false,semantic-v1,core identity plus experience semantics are supported by catalog-name/manual evidence
ha_noi:lang_co_duong_lam,Làng Cổ Đường Lâm,ha_noi,heritage,local,0.8,CATALOG_NAME_RULE,place_catalog_v11.csv:canonical_name,canonical name indicates local discovery context,READY,false,semantic-v1,core identity plus experience semantics are supported by catalog-name/manual evidence
ha_noi:lang_co_duong_lam,Làng Cổ Đường Lâm,ha_noi,heritage,local_culture,0.6,CATALOG_NAME_RULE,place_catalog_v11.csv:canonical_name,canonical name indicates local/community cultural experience,READY,false,semantic-v1,core identity plus experience semantics are supported by catalog-name/manual evidence
ha_noi:lang_gom_bat_trang,Làng Gốm Bát Tràng,ha_noi,heritage,countryside,0.8,CATALOG_NAME_RULE,place_catalog_v11.csv:canonical_name,canonical name indicates village/farm/countryside context,READY,true,semantic-v1,core identity plus experience semantics are supported by catalog-name/manual evidence
ha_noi:lang_gom_bat_trang,Làng Gốm Bát Tràng,ha_noi,heritage,cultural,0.8,CATEGORY_RULE,place_catalog_v11.csv:category,category=heritage,READY,true,semantic-v1,core identity plus experience semantics are supported by catalog-name/manual evidence
ha_noi:lang_gom_bat_trang,Làng Gốm Bát Tràng,ha_noi,heritage,heritage,1.0,CATEGORY_RULE,place_catalog_v11.csv:category,category=heritage,READY,true,semantic-v1,core identity plus experience semantics are supported by catalog-name/manual evidence
ha_noi:lang_gom_bat_trang,Làng Gốm Bát Tràng,ha_noi,heritage,historical,0.8,CATEGORY_RULE,place_catalog_v11.csv:category,category=heritage,READY,true,semantic-v1,core identity plus experience semantics are supported by catalog-name/manual evidence
ha_noi:lang_gom_bat_trang,Làng Gốm Bát Tràng,ha_noi,heritage,local,0.8,CATALOG_NAME_RULE,place_catalog_v11.csv:canonical_name,canonical name indicates local discovery context,READY,true,semantic-v1,core identity plus experience semantics are supported by catalog-name/manual evidence
ha_noi:lang_gom_bat_trang,Làng Gốm Bát Tràng,ha_noi,heritage,local_culture,0.6,CATALOG_NAME_RULE,place_catalog_v11.csv:canonical_name,canonical name indicates local/community cultural experience,READY,true,semantic-v1,core identity plus experience semantics are supported by catalog-name/manual evidence
ha_noi:mai_chau,Mai Châu,ha_noi,landmark,iconic,0.6,CATEGORY_RULE,place_catalog_v11.csv:category,category=landmark,PARTIAL,true,semantic-v1,category-derived baseline exists but enrichment evidence remains limited
ha_noi:mai_chau,Mai Châu,ha_noi,landmark,landmark,1.0,CATEGORY_RULE,place_catalog_v11.csv:category,category=landmark,PARTIAL,true,semantic-v1,category-derived baseline exists but enrichment evidence remains limited
ha_noi:mai_chau,Mai Châu,ha_noi,landmark,photo_spot,0.8,CATEGORY_RULE,place_catalog_v11.csv:category,category=landmark,PARTIAL,true,semantic-v1,category-derived baseline exists but enrichment evidence remains limited
ha_noi:moana_sapa,Moana Sapa,ha_noi,landmark,iconic,0.6,CATEGORY_RULE,place_catalog_v11.csv:category,category=landmark,PARTIAL,true,semantic-v1,category-derived baseline exists but enrichment evidence remains limited
ha_noi:moana_sapa,Moana Sapa,ha_noi,landmark,landmark,1.0,CATEGORY_RULE,place_catalog_v11.csv:category,category=landmark,PARTIAL,true,semantic-v1,category-derived baseline exists but enrichment evidence remains limited
ha_noi:moana_sapa,Moana Sapa,ha_noi,landmark,photo_spot,0.8,CATEGORY_RULE,place_catalog_v11.csv:category,category=landmark,PARTIAL,true,semantic-v1,category-derived baseline exists but enrichment evidence remains limited
ha_noi:nha_hat_lon_ha_noi,Nhà Hát Lớn Hà Nội,ha_noi,heritage,cultural,0.8,CATEGORY_RULE,place_catalog_v11.csv:category,category=heritage,PARTIAL,true,semantic-v1,category-derived baseline exists but enrichment evidence remains limited
ha_noi:nha_hat_lon_ha_noi,Nhà Hát Lớn Hà Nội,ha_noi,heritage,heritage,1.0,CATEGORY_RULE,place_catalog_v11.csv:category,category=heritage,PARTIAL,true,semantic-v1,category-derived baseline exists but enrichment evidence remains limited
ha_noi:nha_hat_lon_ha_noi,Nhà Hát Lớn Hà Nội,ha_noi,heritage,historical,0.8,CATEGORY_RULE,place_catalog_v11.csv:category,category=heritage,PARTIAL,true,semantic-v1,category-derived baseline exists but enrichment evidence remains limited
ha_noi:nha_tho_da_sapa,Nhà Thờ Đá Sapa,ha_noi,lake,cultural,0.8,CATALOG_NAME_RULE,place_catalog_v11.csv:canonical_name,canonical name indicates cultural place,NEED_REVIEW,false,semantic-v1,Catalog category is lake but canonical name is a church.
ha_noi:nha_tho_da_sapa,Nhà Thờ Đá Sapa,ha_noi,lake,heritage,1.0,CATALOG_NAME_RULE,place_catalog_v11.csv:canonical_name,canonical name indicates heritage/spiritual/historical site,NEED_REVIEW,false,semantic-v1,Catalog category is lake but canonical name is a church.
ha_noi:nha_tho_da_sapa,Nhà Thờ Đá Sapa,ha_noi,lake,lake,1.0,CATEGORY_RULE,place_catalog_v11.csv:category,category=lake,NEED_REVIEW,false,semantic-v1,Catalog category is lake but canonical name is a church.
ha_noi:nha_tho_da_sapa,Nhà Thờ Đá Sapa,ha_noi,lake,nature,0.8,CATEGORY_RULE,place_catalog_v11.csv:category,category=lake,NEED_REVIEW,false,semantic-v1,Catalog category is lake but canonical name is a church.
ha_noi:nha_tho_da_sapa,Nhà Thờ Đá Sapa,ha_noi,lake,scenic,0.6,CATEGORY_RULE,place_catalog_v11.csv:category,category=lake,NEED_REVIEW,false,semantic-v1,Catalog category is lake but canonical name is a church.
ha_noi:nha_tu_hoa_lo,Nhà Tù Hỏa Lò,ha_noi,heritage,cultural,0.8,CATEGORY_RULE,place_catalog_v11.csv:category,category=heritage,PARTIAL,true,semantic-v1,category-derived baseline exists but enrichment evidence remains limited
ha_noi:nha_tu_hoa_lo,Nhà Tù Hỏa Lò,ha_noi,heritage,heritage,1.0,CATEGORY_RULE,place_catalog_v11.csv:category,category=heritage,PARTIAL,true,semantic-v1,category-derived baseline exists but enrichment evidence remains limited
ha_noi:nha_tu_hoa_lo,Nhà Tù Hỏa Lò,ha_noi,heritage,historical,0.8,CATEGORY_RULE,place_catalog_v11.csv:category,category=heritage,PARTIAL,true,semantic-v1,category-derived baseline exists but enrichment evidence remains limited
ha_noi:pho_co_ha_noi,Phố Cổ Hà Nội,ha_noi,lake,city_center,0.6,CATALOG_NAME_RULE,place_catalog_v11.csv:canonical_name,canonical name indicates city-center-like environment,NEED_REVIEW,true,semantic-v1,Catalog category is lake but canonical name is an old quarter.
ha_noi:pho_co_ha_noi,Phố Cổ Hà Nội,ha_noi,lake,cultural,0.8,CATALOG_NAME_RULE,place_catalog_v11.csv:canonical_name,canonical name indicates cultural place,NEED_REVIEW,true,semantic-v1,Catalog category is lake but canonical name is an old quarter.
ha_noi:pho_co_ha_noi,Phố Cổ Hà Nội,ha_noi,lake,historical,0.8,CATALOG_NAME_RULE,place_catalog_v11.csv:canonical_name,canonical name indicates historical place,NEED_REVIEW,true,semantic-v1,Catalog category is lake but canonical name is an old quarter.
ha_noi:pho_co_ha_noi,Phố Cổ Hà Nội,ha_noi,lake,lake,1.0,CATEGORY_RULE,place_catalog_v11.csv:category,category=lake,NEED_REVIEW,true,semantic-v1,Catalog category is lake but canonical name is an old quarter.
ha_noi:pho_co_ha_noi,Phố Cổ Hà Nội,ha_noi,lake,local_culture,0.6,CATALOG_NAME_RULE,place_catalog_v11.csv:canonical_name,canonical name indicates local/community cultural experience,NEED_REVIEW,true,semantic-v1,Catalog category is lake but canonical name is an old quarter.
ha_noi:pho_co_ha_noi,Phố Cổ Hà Nội,ha_noi,lake,nature,0.8,CATEGORY_RULE,place_catalog_v11.csv:category,category=lake,NEED_REVIEW,true,semantic-v1,Catalog category is lake but canonical name is an old quarter.
ha_noi:pho_co_ha_noi,Phố Cổ Hà Nội,ha_noi,lake,scenic,0.6,CATEGORY_RULE,place_catalog_v11.csv:category,category=lake,NEED_REVIEW,true,semantic-v1,Catalog category is lake but canonical name is an old quarter.
ha_noi:pho_co_ha_noi,Phố Cổ Hà Nội,ha_noi,lake,urban,0.6,CATALOG_NAME_RULE,place_catalog_v11.csv:canonical_name,canonical name indicates urban/central context,NEED_REVIEW,true,semantic-v1,Catalog category is lake but canonical name is an old quarter.
ha_noi:pho_co_ha_noi,Phố Cổ Hà Nội,ha_noi,lake,walking_area,0.6,CATALOG_NAME_RULE,place_catalog_v11.csv:canonical_name,canonical name indicates open strolling/walking context,NEED_REVIEW,true,semantic-v1,Catalog category is lake but canonical name is an old quarter.
ha_noi:tam_coc,Tam Cốc,ha_noi,nature,nature,1.0,CATEGORY_RULE,place_catalog_v11.csv:category,category=nature,PARTIAL,true,semantic-v1,category-derived baseline exists but enrichment evidence remains limited
ha_noi:tam_coc,Tam Cốc,ha_noi,nature,scenic,0.6,CATEGORY_RULE,place_catalog_v11.csv:category,category=nature,PARTIAL,true,semantic-v1,category-derived baseline exists but enrichment evidence remains limited
ha_noi:trang_an,Tràng An,ha_noi,nature,nature,1.0,CATEGORY_RULE,place_catalog_v11.csv:category,category=nature,PARTIAL,true,semantic-v1,category-derived baseline exists but enrichment evidence remains limited
ha_noi:trang_an,Tràng An,ha_noi,nature,scenic,0.6,CATEGORY_RULE,place_catalog_v11.csv:category,category=nature,PARTIAL,true,semantic-v1,category-derived baseline exists but enrichment evidence remains limited
ha_noi:tuan_chau,Tuần Châu,ha_noi,landmark,iconic,0.6,CATEGORY_RULE,place_catalog_v11.csv:category,category=landmark,PARTIAL,true,semantic-v1,category-derived baseline exists but enrichment evidence remains limited
ha_noi:tuan_chau,Tuần Châu,ha_noi,landmark,landmark,1.0,CATEGORY_RULE,place_catalog_v11.csv:category,category=landmark,PARTIAL,true,semantic-v1,category-derived baseline exists but enrichment evidence remains limited
ha_noi:tuan_chau,Tuần Châu,ha_noi,landmark,photo_spot,0.8,CATEGORY_RULE,place_catalog_v11.csv:category,category=landmark,PARTIAL,true,semantic-v1,category-derived baseline exists but enrichment evidence remains limited
ha_noi:van_mieu_quoc_tu_giam,Văn Miếu Quốc Tử Giám,ha_noi,heritage,cultural,0.8,CATEGORY_RULE,place_catalog_v11.csv:category,category=heritage,PARTIAL,true,semantic-v1,category-derived baseline exists but enrichment evidence remains limited
ha_noi:van_mieu_quoc_tu_giam,Văn Miếu Quốc Tử Giám,ha_noi,heritage,heritage,1.0,CATEGORY_RULE,place_catalog_v11.csv:category,category=heritage,PARTIAL,true,semantic-v1,category-derived baseline exists but enrichment evidence remains limited
ha_noi:van_mieu_quoc_tu_giam,Văn Miếu Quốc Tử Giám,ha_noi,heritage,historical,0.8,CATEGORY_RULE,place_catalog_v11.csv:category,category=heritage,PARTIAL,true,semantic-v1,category-derived baseline exists but enrichment evidence remains limited
ha_noi:vinh_ha_long,Vịnh Hạ Long,ha_noi,nature,nature,1.0,CATEGORY_RULE,place_catalog_v11.csv:category,category=nature,PARTIAL,true,semantic-v1,category-derived baseline exists but enrichment evidence remains limited
ha_noi:vinh_ha_long,Vịnh Hạ Long,ha_noi,nature,scenic,0.8,CATALOG_NAME_RULE,place_catalog_v11.csv:canonical_name,canonical name indicates scenic landscape,PARTIAL,true,semantic-v1,category-derived baseline exists but enrichment evidence remains limited
ha_noi:vuon_quoc_gia_ba_vi,Vườn Quốc Gia Ba Vì,ha_noi,nature,forest,0.8,CATALOG_NAME_RULE,place_catalog_v11.csv:canonical_name,canonical name indicates forest/national park,READY,true,semantic-v1,core identity plus experience semantics are supported by catalog-name/manual evidence
ha_noi:vuon_quoc_gia_ba_vi,Vườn Quốc Gia Ba Vì,ha_noi,nature,nature,1.0,CATEGORY_RULE,place_catalog_v11.csv:category,category=nature,READY,true,semantic-v1,core identity plus experience semantics are supported by catalog-name/manual evidence
ha_noi:vuon_quoc_gia_ba_vi,Vườn Quốc Gia Ba Vì,ha_noi,nature,relaxing,0.6,CATALOG_NAME_RULE,place_catalog_v11.csv:canonical_name,canonical name indicates low-pressure leisure setting,READY,true,semantic-v1,core identity plus experience semantics are supported by catalog-name/manual evidence
ha_noi:vuon_quoc_gia_ba_vi,Vườn Quốc Gia Ba Vì,ha_noi,nature,scenic,0.8,CATALOG_NAME_RULE,place_catalog_v11.csv:canonical_name,canonical name indicates scenic landscape,READY,true,semantic-v1,core identity plus experience semantics are supported by catalog-name/manual evidence
ha_noi:yen_tu,Yên Tử,ha_noi,landmark,iconic,0.6,CATEGORY_RULE,place_catalog_v11.csv:category,category=landmark,PARTIAL,true,semantic-v1,category-derived baseline exists but enrichment evidence remains limited
ha_noi:yen_tu,Yên Tử,ha_noi,landmark,landmark,1.0,CATEGORY_RULE,place_catalog_v11.csv:category,category=landmark,PARTIAL,true,semantic-v1,category-derived baseline exists but enrichment evidence remains limited
ha_noi:yen_tu,Yên Tử,ha_noi,landmark,photo_spot,0.8,CATEGORY_RULE,place_catalog_v11.csv:category,category=landmark,PARTIAL,true,semantic-v1,category-derived baseline exists but enrichment evidence remains limited
phan_thiet:bai_da_ong_dia,Bãi Đá Ông Địa,phan_thiet,nature,beach,1.0,CATALOG_NAME_RULE,place_catalog_v11.csv:canonical_name,canonical name indicates beach/coast/island,READY,true,semantic-v1,core identity plus experience semantics are supported by catalog-name/manual evidence
phan_thiet:bai_da_ong_dia,Bãi Đá Ông Địa,phan_thiet,nature,nature,1.0,CATEGORY_RULE,place_catalog_v11.csv:category,category=nature,READY,true,semantic-v1,core identity plus experience semantics are supported by catalog-name/manual evidence
phan_thiet:bai_da_ong_dia,Bãi Đá Ông Địa,phan_thiet,nature,photo_spot,0.6,CATALOG_NAME_RULE,place_catalog_v11.csv:canonical_name,canonical name indicates scenic/check-in/photo context,READY,true,semantic-v1,core identity plus experience semantics are supported by catalog-name/manual evidence
phan_thiet:bai_da_ong_dia,Bãi Đá Ông Địa,phan_thiet,nature,relaxing,0.6,CATALOG_NAME_RULE,place_catalog_v11.csv:canonical_name,canonical name indicates low-pressure leisure setting,READY,true,semantic-v1,core identity plus experience semantics are supported by catalog-name/manual evidence
phan_thiet:bai_da_ong_dia,Bãi Đá Ông Địa,phan_thiet,nature,scenic,0.8,CATALOG_NAME_RULE,place_catalog_v11.csv:canonical_name,canonical name indicates scenic landscape,READY,true,semantic-v1,core identity plus experience semantics are supported by catalog-name/manual evidence
phan_thiet:bao_tang_ngoc_trai,Bảo Tàng Ngọc Trai,phan_thiet,heritage,cultural,0.8,CATEGORY_RULE,place_catalog_v11.csv:category,category=heritage,PARTIAL,false,semantic-v1,category-derived baseline exists but enrichment evidence remains limited
phan_thiet:bao_tang_ngoc_trai,Bảo Tàng Ngọc Trai,phan_thiet,heritage,heritage,1.0,CATEGORY_RULE,place_catalog_v11.csv:category,category=heritage,PARTIAL,false,semantic-v1,category-derived baseline exists but enrichment evidence remains limited
phan_thiet:bao_tang_ngoc_trai,Bảo Tàng Ngọc Trai,phan_thiet,heritage,historical,0.8,CATEGORY_RULE,place_catalog_v11.csv:category,category=heritage,PARTIAL,false,semantic-v1,category-derived baseline exists but enrichment evidence remains limited
phan_thiet:bao_tang_ngoc_trai,Bảo Tàng Ngọc Trai,phan_thiet,heritage,museum,1.0,CATALOG_NAME_RULE,place_catalog_v11.csv:canonical_name,canonical name indicates museum,PARTIAL,false,semantic-v1,category-derived baseline exists but enrichment evidence remains limited
phan_thiet:bau_sen,Bàu Sen,phan_thiet,lake,lake,1.0,CATEGORY_RULE,place_catalog_v11.csv:category,category=lake,READY,false,semantic-v1,core identity plus experience semantics are supported by catalog-name/manual evidence
phan_thiet:bau_sen,Bàu Sen,phan_thiet,lake,nature,0.8,CATEGORY_RULE,place_catalog_v11.csv:category,category=lake,READY,false,semantic-v1,core identity plus experience semantics are supported by catalog-name/manual evidence
phan_thiet:bau_sen,Bàu Sen,phan_thiet,lake,relaxing,0.6,CATALOG_NAME_RULE,place_catalog_v11.csv:canonical_name,canonical name indicates low-pressure leisure setting,READY,false,semantic-v1,core identity plus experience semantics are supported by catalog-name/manual evidence
phan_thiet:bau_sen,Bàu Sen,phan_thiet,lake,scenic,0.8,CATALOG_NAME_RULE,place_catalog_v11.csv:canonical_name,canonical name indicates scenic landscape,READY,false,semantic-v1,core identity plus experience semantics are supported by catalog-name/manual evidence
phan_thiet:bau_trang,Bàu Trắng,phan_thiet,lake,lake,1.0,CATEGORY_RULE,place_catalog_v11.csv:category,category=lake,READY,true,semantic-v1,core identity plus experience semantics are supported by catalog-name/manual evidence
phan_thiet:bau_trang,Bàu Trắng,phan_thiet,lake,nature,0.8,CATEGORY_RULE,place_catalog_v11.csv:category,category=lake,READY,true,semantic-v1,core identity plus experience semantics are supported by catalog-name/manual evidence
phan_thiet:bau_trang,Bàu Trắng,phan_thiet,lake,relaxing,0.6,CATALOG_NAME_RULE,place_catalog_v11.csv:canonical_name,canonical name indicates low-pressure leisure setting,READY,true,semantic-v1,core identity plus experience semantics are supported by catalog-name/manual evidence
phan_thiet:bau_trang,Bàu Trắng,phan_thiet,lake,scenic,0.8,CATALOG_NAME_RULE,place_catalog_v11.csv:canonical_name,canonical name indicates scenic landscape,READY,true,semantic-v1,core identity plus experience semantics are supported by catalog-name/manual evidence
phan_thiet:bien_mui_ne,Biển Mũi Né,phan_thiet,nature,beach,1.0,CATALOG_NAME_RULE,place_catalog_v11.csv:canonical_name,canonical name indicates beach/coast/island,READY,true,semantic-v1,core identity plus experience semantics are supported by catalog-name/manual evidence
phan_thiet:bien_mui_ne,Biển Mũi Né,phan_thiet,nature,nature,1.0,CATEGORY_RULE,place_catalog_v11.csv:category,category=nature,READY,true,semantic-v1,core identity plus experience semantics are supported by catalog-name/manual evidence
phan_thiet:bien_mui_ne,Biển Mũi Né,phan_thiet,nature,photo_spot,0.6,CATALOG_NAME_RULE,place_catalog_v11.csv:canonical_name,canonical name indicates scenic/check-in/photo context,READY,true,semantic-v1,core identity plus experience semantics are supported by catalog-name/manual evidence
phan_thiet:bien_mui_ne,Biển Mũi Né,phan_thiet,nature,relaxing,0.6,CATALOG_NAME_RULE,place_catalog_v11.csv:canonical_name,canonical name indicates low-pressure leisure setting,READY,true,semantic-v1,core identity plus experience semantics are supported by catalog-name/manual evidence
phan_thiet:bien_mui_ne,Biển Mũi Né,phan_thiet,nature,scenic,0.8,CATALOG_NAME_RULE,place_catalog_v11.csv:canonical_name,canonical name indicates scenic landscape,READY,true,semantic-v1,core identity plus experience semantics are supported by catalog-name/manual evidence
phan_thiet:cho_phan_thiet,Chợ Phan Thiết,phan_thiet,market,food,0.8,CATALOG_NAME_RULE,place_catalog_v11.csv:canonical_name,canonical name indicates food/food-adjacent experience,READY,true,semantic-v1,core identity plus experience semantics are supported by catalog-name/manual evidence
phan_thiet:cho_phan_thiet,Chợ Phan Thiết,phan_thiet,market,local,0.8,CATEGORY_RULE,place_catalog_v11.csv:category,category=market,READY,true,semantic-v1,core identity plus experience semantics are supported by catalog-name/manual evidence
phan_thiet:cho_phan_thiet,Chợ Phan Thiết,phan_thiet,market,local_market,0.8,CATALOG_NAME_RULE,place_catalog_v11.csv:canonical_name,canonical name indicates local market,READY,true,semantic-v1,core identity plus experience semantics are supported by catalog-name/manual evidence
phan_thiet:cho_phan_thiet,Chợ Phan Thiết,phan_thiet,market,market,1.0,CATEGORY_RULE,place_catalog_v11.csv:category,category=market,READY,true,semantic-v1,core identity plus experience semantics are supported by catalog-name/manual evidence
phan_thiet:cho_phan_thiet,Chợ Phan Thiết,phan_thiet,market,social,0.3,CATALOG_NAME_RULE,place_catalog_v11.csv:canonical_name,canonical name indicates social browsing or meeting context,READY,true,semantic-v1,core identity plus experience semantics are supported by catalog-name/manual evidence
phan_thiet:cho_phan_thiet,Chợ Phan Thiết,phan_thiet,market,urban,0.6,CATALOG_NAME_RULE,place_catalog_v11.csv:canonical_name,canonical name indicates urban/central context,READY,true,semantic-v1,core identity plus experience semantics are supported by catalog-name/manual evidence
phan_thiet:circus_land,Circus Land,phan_thiet,landmark,group_friendly,0.6,CATALOG_NAME_RULE,place_catalog_v11.csv:canonical_name,canonical name indicates public park/tourist area suitable for groups,READY,false,semantic-v1,core identity plus experience semantics are supported by catalog-name/manual evidence
phan_thiet:circus_land,Circus Land,phan_thiet,landmark,iconic,0.6,CATEGORY_RULE,place_catalog_v11.csv:category,category=landmark,READY,false,semantic-v1,core identity plus experience semantics are supported by catalog-name/manual evidence
phan_thiet:circus_land,Circus Land,phan_thiet,landmark,landmark,1.0,CATEGORY_RULE,place_catalog_v11.csv:category,category=landmark,READY,false,semantic-v1,core identity plus experience semantics are supported by catalog-name/manual evidence
phan_thiet:circus_land,Circus Land,phan_thiet,landmark,photo_spot,0.8,CATEGORY_RULE,place_catalog_v11.csv:category,category=landmark,READY,false,semantic-v1,core identity plus experience semantics are supported by catalog-name/manual evidence
phan_thiet:circus_land,Circus Land,phan_thiet,landmark,social,0.6,CATALOG_NAME_RULE,place_catalog_v11.csv:canonical_name,canonical name indicates public/group activity area,READY,false,semantic-v1,core identity plus experience semantics are supported by catalog-name/manual evidence
phan_thiet:cong_vien_bikini_beach,Công Viên Bikini Beach,phan_thiet,landmark,group_friendly,0.6,CATALOG_NAME_RULE,place_catalog_v11.csv:canonical_name,canonical name indicates public park/tourist area suitable for groups,READY,false,semantic-v1,core identity plus experience semantics are supported by catalog-name/manual evidence
phan_thiet:cong_vien_bikini_beach,Công Viên Bikini Beach,phan_thiet,landmark,iconic,0.6,CATEGORY_RULE,place_catalog_v11.csv:category,category=landmark,READY,false,semantic-v1,core identity plus experience semantics are supported by catalog-name/manual evidence
phan_thiet:cong_vien_bikini_beach,Công Viên Bikini Beach,phan_thiet,landmark,landmark,1.0,CATEGORY_RULE,place_catalog_v11.csv:category,category=landmark,READY,false,semantic-v1,core identity plus experience semantics are supported by catalog-name/manual evidence
phan_thiet:cong_vien_bikini_beach,Công Viên Bikini Beach,phan_thiet,landmark,photo_spot,0.8,CATEGORY_RULE,place_catalog_v11.csv:category,category=landmark,READY,false,semantic-v1,core identity plus experience semantics are supported by catalog-name/manual evidence
phan_thiet:cong_vien_bikini_beach,Công Viên Bikini Beach,phan_thiet,landmark,social,0.6,CATALOG_NAME_RULE,place_catalog_v11.csv:canonical_name,canonical name indicates public/group activity area,READY,false,semantic-v1,core identity plus experience semantics are supported by catalog-name/manual evidence
phan_thiet:cong_vien_bikini_beach,Công Viên Bikini Beach,phan_thiet,landmark,walking_area,0.6,CATALOG_NAME_RULE,place_catalog_v11.csv:canonical_name,canonical name indicates open strolling/walking context,READY,false,semantic-v1,core identity plus experience semantics are supported by catalog-name/manual evidence
phan_thiet:dinh_van_thuy_tu,Dinh Vạn Thủy Tú,phan_thiet,heritage,cultural,0.8,CATEGORY_RULE,place_catalog_v11.csv:category,category=heritage,PARTIAL,true,semantic-v1,category-derived baseline exists but enrichment evidence remains limited
phan_thiet:dinh_van_thuy_tu,Dinh Vạn Thủy Tú,phan_thiet,heritage,heritage,1.0,CATEGORY_RULE,place_catalog_v11.csv:category,category=heritage,PARTIAL,true,semantic-v1,category-derived baseline exists but enrichment evidence remains limited
phan_thiet:dinh_van_thuy_tu,Dinh Vạn Thủy Tú,phan_thiet,heritage,historical,0.8,CATEGORY_RULE,place_catalog_v11.csv:category,category=heritage,PARTIAL,true,semantic-v1,category-derived baseline exists but enrichment evidence remains limited
phan_thiet:doi_cat_bay,Đồi Cát Bay,phan_thiet,nature,mountain,0.8,CATALOG_NAME_RULE,place_catalog_v11.csv:canonical_name,canonical name indicates mountain/hill/pass,READY,true,semantic-v1,core identity plus experience semantics are supported by catalog-name/manual evidence
phan_thiet:doi_cat_bay,Đồi Cát Bay,phan_thiet,nature,nature,1.0,CATEGORY_RULE,place_catalog_v11.csv:category,category=nature,READY,true,semantic-v1,core identity plus experience semantics are supported by catalog-name/manual evidence
phan_thiet:doi_cat_bay,Đồi Cát Bay,phan_thiet,nature,photo_spot,0.6,CATALOG_NAME_RULE,place_catalog_v11.csv:canonical_name,canonical name indicates scenic/check-in/photo context,READY,true,semantic-v1,core identity plus experience semantics are supported by catalog-name/manual evidence
phan_thiet:doi_cat_bay,Đồi Cát Bay,phan_thiet,nature,scenic,0.8,CATALOG_NAME_RULE,place_catalog_v11.csv:canonical_name,canonical name indicates scenic landscape,READY,true,semantic-v1,core identity plus experience semantics are supported by catalog-name/manual evidence
phan_thiet:hon_rom,Hòn Rơm,phan_thiet,nature,beach,1.0,CATALOG_NAME_RULE,place_catalog_v11.csv:canonical_name,canonical name indicates beach/coast/island,READY,true,semantic-v1,core identity plus experience semantics are supported by catalog-name/manual evidence
phan_thiet:hon_rom,Hòn Rơm,phan_thiet,nature,nature,1.0,CATEGORY_RULE,place_catalog_v11.csv:category,category=nature,READY,true,semantic-v1,core identity plus experience semantics are supported by catalog-name/manual evidence
phan_thiet:hon_rom,Hòn Rơm,phan_thiet,nature,photo_spot,0.6,CATALOG_NAME_RULE,place_catalog_v11.csv:canonical_name,canonical name indicates scenic/check-in/photo context,READY,true,semantic-v1,core identity plus experience semantics are supported by catalog-name/manual evidence
phan_thiet:hon_rom,Hòn Rơm,phan_thiet,nature,relaxing,0.6,CATALOG_NAME_RULE,place_catalog_v11.csv:canonical_name,canonical name indicates low-pressure leisure setting,READY,true,semantic-v1,core identity plus experience semantics are supported by catalog-name/manual evidence
phan_thiet:hon_rom,Hòn Rơm,phan_thiet,nature,scenic,0.8,CATALOG_NAME_RULE,place_catalog_v11.csv:canonical_name,canonical name indicates scenic landscape,READY,true,semantic-v1,core identity plus experience semantics are supported by catalog-name/manual evidence
phan_thiet:lang_chai_mui_ne,Làng Chài Mũi Né,phan_thiet,heritage,beach,1.0,CATALOG_NAME_RULE,place_catalog_v11.csv:canonical_name,canonical name indicates beach/coast/island,READY,true,semantic-v1,core identity plus experience semantics are supported by catalog-name/manual evidence
phan_thiet:lang_chai_mui_ne,Làng Chài Mũi Né,phan_thiet,heritage,countryside,0.8,CATALOG_NAME_RULE,place_catalog_v11.csv:canonical_name,canonical name indicates village/farm/countryside context,READY,true,semantic-v1,core identity plus experience semantics are supported by catalog-name/manual evidence
phan_thiet:lang_chai_mui_ne,Làng Chài Mũi Né,phan_thiet,heritage,cultural,0.8,CATEGORY_RULE,place_catalog_v11.csv:category,category=heritage,READY,true,semantic-v1,core identity plus experience semantics are supported by catalog-name/manual evidence
phan_thiet:lang_chai_mui_ne,Làng Chài Mũi Né,phan_thiet,heritage,heritage,1.0,CATEGORY_RULE,place_catalog_v11.csv:category,category=heritage,READY,true,semantic-v1,core identity plus experience semantics are supported by catalog-name/manual evidence
phan_thiet:lang_chai_mui_ne,Làng Chài Mũi Né,phan_thiet,heritage,historical,0.8,CATEGORY_RULE,place_catalog_v11.csv:category,category=heritage,READY,true,semantic-v1,core identity plus experience semantics are supported by catalog-name/manual evidence
phan_thiet:lang_chai_mui_ne,Làng Chài Mũi Né,phan_thiet,heritage,local,0.8,CATALOG_NAME_RULE,place_catalog_v11.csv:canonical_name,canonical name indicates local discovery context,READY,true,semantic-v1,core identity plus experience semantics are supported by catalog-name/manual evidence
phan_thiet:lang_chai_mui_ne,Làng Chài Mũi Né,phan_thiet,heritage,local_culture,0.6,CATALOG_NAME_RULE,place_catalog_v11.csv:canonical_name,canonical name indicates local/community cultural experience,READY,true,semantic-v1,core identity plus experience semantics are supported by catalog-name/manual evidence
phan_thiet:lang_chai_mui_ne,Làng Chài Mũi Né,phan_thiet,heritage,photo_spot,0.6,CATALOG_NAME_RULE,place_catalog_v11.csv:canonical_name,canonical name indicates scenic/check-in/photo context,READY,true,semantic-v1,core identity plus experience semantics are supported by catalog-name/manual evidence
phan_thiet:lang_chai_mui_ne,Làng Chài Mũi Né,phan_thiet,heritage,relaxing,0.6,CATALOG_NAME_RULE,place_catalog_v11.csv:canonical_name,canonical name indicates low-pressure leisure setting,READY,true,semantic-v1,core identity plus experience semantics are supported by catalog-name/manual evidence
phan_thiet:lang_chai_mui_ne,Làng Chài Mũi Né,phan_thiet,heritage,scenic,0.8,CATALOG_NAME_RULE,place_catalog_v11.csv:canonical_name,canonical name indicates scenic landscape,READY,true,semantic-v1,core identity plus experience semantics are supported by catalog-name/manual evidence
phan_thiet:lau_dai_ruou_vang,Lâu Đài Rượu Vang,phan_thiet,landmark,iconic,0.6,CATEGORY_RULE,place_catalog_v11.csv:category,category=landmark,PARTIAL,true,semantic-v1,category-derived baseline exists but enrichment evidence remains limited
phan_thiet:lau_dai_ruou_vang,Lâu Đài Rượu Vang,phan_thiet,landmark,landmark,1.0,CATEGORY_RULE,place_catalog_v11.csv:category,category=landmark,PARTIAL,true,semantic-v1,category-derived baseline exists but enrichment evidence remains limited
phan_thiet:lau_dai_ruou_vang,Lâu Đài Rượu Vang,phan_thiet,landmark,photo_spot,0.8,CATEGORY_RULE,place_catalog_v11.csv:category,category=landmark,PARTIAL,true,semantic-v1,category-derived baseline exists but enrichment evidence remains limited
phan_thiet:lau_ong_hoang,Lầu Ông Hoàng,phan_thiet,heritage,cultural,0.8,CATEGORY_RULE,place_catalog_v11.csv:category,category=heritage,PARTIAL,true,semantic-v1,category-derived baseline exists but enrichment evidence remains limited
phan_thiet:lau_ong_hoang,Lầu Ông Hoàng,phan_thiet,heritage,heritage,1.0,CATEGORY_RULE,place_catalog_v11.csv:category,category=heritage,PARTIAL,true,semantic-v1,category-derived baseline exists but enrichment evidence remains limited
phan_thiet:lau_ong_hoang,Lầu Ông Hoàng,phan_thiet,heritage,historical,0.8,CATEGORY_RULE,place_catalog_v11.csv:category,category=heritage,PARTIAL,true,semantic-v1,category-derived baseline exists but enrichment evidence remains limited
phan_thiet:mui_ke_ga,Mũi Kê Gà,phan_thiet,nature,beach,1.0,CATALOG_NAME_RULE,place_catalog_v11.csv:canonical_name,canonical name indicates beach/coast/island,READY,true,semantic-v1,core identity plus experience semantics are supported by catalog-name/manual evidence
phan_thiet:mui_ke_ga,Mũi Kê Gà,phan_thiet,nature,iconic,0.8,CATALOG_NAME_RULE,place_catalog_v11.csv:canonical_name,canonical name indicates iconic landmark,READY,true,semantic-v1,core identity plus experience semantics are supported by catalog-name/manual evidence
phan_thiet:mui_ke_ga,Mũi Kê Gà,phan_thiet,nature,nature,1.0,CATEGORY_RULE,place_catalog_v11.csv:category,category=nature,READY,true,semantic-v1,core identity plus experience semantics are supported by catalog-name/manual evidence
phan_thiet:mui_ke_ga,Mũi Kê Gà,phan_thiet,nature,photo_spot,0.6,CATALOG_NAME_RULE,place_catalog_v11.csv:canonical_name,canonical name indicates scenic/check-in/photo context,READY,true,semantic-v1,core identity plus experience semantics are supported by catalog-name/manual evidence
phan_thiet:mui_ke_ga,Mũi Kê Gà,phan_thiet,nature,relaxing,0.6,CATALOG_NAME_RULE,place_catalog_v11.csv:canonical_name,canonical name indicates low-pressure leisure setting,READY,true,semantic-v1,core identity plus experience semantics are supported by catalog-name/manual evidence
phan_thiet:mui_ke_ga,Mũi Kê Gà,phan_thiet,nature,scenic,0.8,CATALOG_NAME_RULE,place_catalog_v11.csv:canonical_name,canonical name indicates scenic landscape,READY,true,semantic-v1,core identity plus experience semantics are supported by catalog-name/manual evidence
phan_thiet:novaworld_phan_thiet,NovaWorld Phan Thiết,phan_thiet,landmark,group_friendly,0.6,CATALOG_NAME_RULE,place_catalog_v11.csv:canonical_name,canonical name indicates public park/tourist area suitable for groups,READY,true,semantic-v1,core identity plus experience semantics are supported by catalog-name/manual evidence
phan_thiet:novaworld_phan_thiet,NovaWorld Phan Thiết,phan_thiet,landmark,iconic,0.6,CATEGORY_RULE,place_catalog_v11.csv:category,category=landmark,READY,true,semantic-v1,core identity plus experience semantics are supported by catalog-name/manual evidence
phan_thiet:novaworld_phan_thiet,NovaWorld Phan Thiết,phan_thiet,landmark,landmark,1.0,CATEGORY_RULE,place_catalog_v11.csv:category,category=landmark,READY,true,semantic-v1,core identity plus experience semantics are supported by catalog-name/manual evidence
phan_thiet:novaworld_phan_thiet,NovaWorld Phan Thiết,phan_thiet,landmark,photo_spot,0.8,CATEGORY_RULE,place_catalog_v11.csv:category,category=landmark,READY,true,semantic-v1,core identity plus experience semantics are supported by catalog-name/manual evidence
phan_thiet:novaworld_phan_thiet,NovaWorld Phan Thiết,phan_thiet,landmark,social,0.6,CATALOG_NAME_RULE,place_catalog_v11.csv:canonical_name,canonical name indicates public/group activity area,READY,true,semantic-v1,core identity plus experience semantics are supported by catalog-name/manual evidence
phan_thiet:nui_ta_cu,Núi Tà Cú,phan_thiet,nature,mountain,0.8,CATALOG_NAME_RULE,place_catalog_v11.csv:canonical_name,canonical name indicates mountain/hill/pass,READY,true,semantic-v1,core identity plus experience semantics are supported by catalog-name/manual evidence
phan_thiet:nui_ta_cu,Núi Tà Cú,phan_thiet,nature,nature,1.0,CATEGORY_RULE,place_catalog_v11.csv:category,category=nature,READY,true,semantic-v1,core identity plus experience semantics are supported by catalog-name/manual evidence
phan_thiet:nui_ta_cu,Núi Tà Cú,phan_thiet,nature,photo_spot,0.6,CATALOG_NAME_RULE,place_catalog_v11.csv:canonical_name,canonical name indicates scenic/check-in/photo context,READY,true,semantic-v1,core identity plus experience semantics are supported by catalog-name/manual evidence
phan_thiet:nui_ta_cu,Núi Tà Cú,phan_thiet,nature,scenic,0.6,CATEGORY_RULE,place_catalog_v11.csv:category,category=nature,READY,true,semantic-v1,core identity plus experience semantics are supported by catalog-name/manual evidence
phan_thiet:sea_links_city,Sea Links City,phan_thiet,landmark,iconic,0.6,CATEGORY_RULE,place_catalog_v11.csv:category,category=landmark,READY,true,semantic-v1,core identity plus experience semantics are supported by catalog-name/manual evidence
phan_thiet:sea_links_city,Sea Links City,phan_thiet,landmark,landmark,1.0,CATEGORY_RULE,place_catalog_v11.csv:category,category=landmark,READY,true,semantic-v1,core identity plus experience semantics are supported by catalog-name/manual evidence
phan_thiet:sea_links_city,Sea Links City,phan_thiet,landmark,photo_spot,0.8,CATEGORY_RULE,place_catalog_v11.csv:category,category=landmark,READY,true,semantic-v1,core identity plus experience semantics are supported by catalog-name/manual evidence
phan_thiet:sea_links_city,Sea Links City,phan_thiet,landmark,resort_spa,0.8,CATALOG_NAME_RULE,place_catalog_v11.csv:canonical_name,canonical name indicates resort/spa/hot-spring orientation,READY,true,semantic-v1,core identity plus experience semantics are supported by catalog-name/manual evidence
phan_thiet:sea_links_golf,Sea Links Golf,phan_thiet,landmark,iconic,0.6,CATEGORY_RULE,place_catalog_v11.csv:category,category=landmark,READY,true,semantic-v1,core identity plus experience semantics are supported by catalog-name/manual evidence
phan_thiet:sea_links_golf,Sea Links Golf,phan_thiet,landmark,landmark,1.0,CATEGORY_RULE,place_catalog_v11.csv:category,category=landmark,READY,true,semantic-v1,core identity plus experience semantics are supported by catalog-name/manual evidence
phan_thiet:sea_links_golf,Sea Links Golf,phan_thiet,landmark,photo_spot,0.8,CATEGORY_RULE,place_catalog_v11.csv:category,category=landmark,READY,true,semantic-v1,core identity plus experience semantics are supported by catalog-name/manual evidence
phan_thiet:sea_links_golf,Sea Links Golf,phan_thiet,landmark,resort_spa,0.8,CATALOG_NAME_RULE,place_catalog_v11.csv:canonical_name,canonical name indicates resort/spa/hot-spring orientation,READY,true,semantic-v1,core identity plus experience semantics are supported by catalog-name/manual evidence
phan_thiet:suoi_tien,Suối Tiên,phan_thiet,lake,lake,1.0,CATEGORY_RULE,place_catalog_v11.csv:category,category=lake,READY,true,semantic-v1,core identity plus experience semantics are supported by catalog-name/manual evidence
phan_thiet:suoi_tien,Suối Tiên,phan_thiet,lake,nature,0.8,CATEGORY_RULE,place_catalog_v11.csv:category,category=lake,READY,true,semantic-v1,core identity plus experience semantics are supported by catalog-name/manual evidence
phan_thiet:suoi_tien,Suối Tiên,phan_thiet,lake,photo_spot,0.6,CATALOG_NAME_RULE,place_catalog_v11.csv:canonical_name,canonical name indicates scenic/check-in/photo context,READY,true,semantic-v1,core identity plus experience semantics are supported by catalog-name/manual evidence
phan_thiet:suoi_tien,Suối Tiên,phan_thiet,lake,scenic,0.8,CATALOG_NAME_RULE,place_catalog_v11.csv:canonical_name,canonical name indicates scenic landscape,READY,true,semantic-v1,core identity plus experience semantics are supported by catalog-name/manual evidence
phan_thiet:suoi_tien,Suối Tiên,phan_thiet,lake,waterfall,0.8,CATALOG_NAME_RULE,place_catalog_v11.csv:canonical_name,canonical name indicates waterfall/stream,READY,true,semantic-v1,core identity plus experience semantics are supported by catalog-name/manual evidence
phan_thiet:thap_cham_poshanu,Tháp Chàm Poshanu,phan_thiet,heritage,cultural,0.8,CATEGORY_RULE,place_catalog_v11.csv:category,category=heritage,PARTIAL,false,semantic-v1,category-derived baseline exists but enrichment evidence remains limited
phan_thiet:thap_cham_poshanu,Tháp Chàm Poshanu,phan_thiet,heritage,heritage,1.0,CATEGORY_RULE,place_catalog_v11.csv:category,category=heritage,PARTIAL,false,semantic-v1,category-derived baseline exists but enrichment evidence remains limited
phan_thiet:thap_cham_poshanu,Tháp Chàm Poshanu,phan_thiet,heritage,historical,0.8,CATEGORY_RULE,place_catalog_v11.csv:category,category=heritage,PARTIAL,false,semantic-v1,category-derived baseline exists but enrichment evidence remains limited
phan_thiet:truong_duc_thanh,Trường Dục Thanh,phan_thiet,heritage,cultural,0.8,CATEGORY_RULE,place_catalog_v11.csv:category,category=heritage,PARTIAL,true,semantic-v1,category-derived baseline exists but enrichment evidence remains limited
phan_thiet:truong_duc_thanh,Trường Dục Thanh,phan_thiet,heritage,heritage,1.0,CATEGORY_RULE,place_catalog_v11.csv:category,category=heritage,PARTIAL,true,semantic-v1,category-derived baseline exists but enrichment evidence remains limited
phan_thiet:truong_duc_thanh,Trường Dục Thanh,phan_thiet,heritage,historical,0.8,CATEGORY_RULE,place_catalog_v11.csv:category,category=heritage,PARTIAL,true,semantic-v1,category-derived baseline exists but enrichment evidence remains limited
vung_tau:bach_dinh,Bạch Dinh,vung_tau,heritage,cultural,0.8,CATEGORY_RULE,place_catalog_v11.csv:category,category=heritage,PARTIAL,true,semantic-v1,category-derived baseline exists but enrichment evidence remains limited
vung_tau:bach_dinh,Bạch Dinh,vung_tau,heritage,heritage,1.0,CATEGORY_RULE,place_catalog_v11.csv:category,category=heritage,PARTIAL,true,semantic-v1,category-derived baseline exists but enrichment evidence remains limited
vung_tau:bach_dinh,Bạch Dinh,vung_tau,heritage,historical,0.8,CATEGORY_RULE,place_catalog_v11.csv:category,category=heritage,PARTIAL,true,semantic-v1,category-derived baseline exists but enrichment evidence remains limited
vung_tau:bai_bien_298,Bãi Biển 298,vung_tau,nature,beach,1.0,CATALOG_NAME_RULE,place_catalog_v11.csv:canonical_name,canonical name indicates beach/coast/island,READY,true,semantic-v1,core identity plus experience semantics are supported by catalog-name/manual evidence
vung_tau:bai_bien_298,Bãi Biển 298,vung_tau,nature,nature,1.0,CATEGORY_RULE,place_catalog_v11.csv:category,category=nature,READY,true,semantic-v1,core identity plus experience semantics are supported by catalog-name/manual evidence
vung_tau:bai_bien_298,Bãi Biển 298,vung_tau,nature,photo_spot,0.6,CATALOG_NAME_RULE,place_catalog_v11.csv:canonical_name,canonical name indicates scenic/check-in/photo context,READY,true,semantic-v1,core identity plus experience semantics are supported by catalog-name/manual evidence
vung_tau:bai_bien_298,Bãi Biển 298,vung_tau,nature,relaxing,0.6,CATALOG_NAME_RULE,place_catalog_v11.csv:canonical_name,canonical name indicates low-pressure leisure setting,READY,true,semantic-v1,core identity plus experience semantics are supported by catalog-name/manual evidence
vung_tau:bai_bien_298,Bãi Biển 298,vung_tau,nature,scenic,0.8,CATALOG_NAME_RULE,place_catalog_v11.csv:canonical_name,canonical name indicates scenic landscape,READY,true,semantic-v1,core identity plus experience semantics are supported by catalog-name/manual evidence
vung_tau:bai_dau,Bãi Dâu,vung_tau,nature,beach,1.0,CATALOG_NAME_RULE,place_catalog_v11.csv:canonical_name,canonical name indicates beach/coast/island,READY,true,semantic-v1,core identity plus experience semantics are supported by catalog-name/manual evidence
vung_tau:bai_dau,Bãi Dâu,vung_tau,nature,nature,1.0,CATEGORY_RULE,place_catalog_v11.csv:category,category=nature,READY,true,semantic-v1,core identity plus experience semantics are supported by catalog-name/manual evidence
vung_tau:bai_dau,Bãi Dâu,vung_tau,nature,photo_spot,0.6,CATALOG_NAME_RULE,place_catalog_v11.csv:canonical_name,canonical name indicates scenic/check-in/photo context,READY,true,semantic-v1,core identity plus experience semantics are supported by catalog-name/manual evidence
vung_tau:bai_dau,Bãi Dâu,vung_tau,nature,relaxing,0.6,CATALOG_NAME_RULE,place_catalog_v11.csv:canonical_name,canonical name indicates low-pressure leisure setting,READY,true,semantic-v1,core identity plus experience semantics are supported by catalog-name/manual evidence
vung_tau:bai_dau,Bãi Dâu,vung_tau,nature,scenic,0.8,CATALOG_NAME_RULE,place_catalog_v11.csv:canonical_name,canonical name indicates scenic landscape,READY,true,semantic-v1,core identity plus experience semantics are supported by catalog-name/manual evidence
vung_tau:bai_sau,Bãi Sau,vung_tau,nature,beach,1.0,CATALOG_NAME_RULE,place_catalog_v11.csv:canonical_name,canonical name indicates beach/coast/island,READY,true,semantic-v1,core identity plus experience semantics are supported by catalog-name/manual evidence
vung_tau:bai_sau,Bãi Sau,vung_tau,nature,nature,1.0,CATEGORY_RULE,place_catalog_v11.csv:category,category=nature,READY,true,semantic-v1,core identity plus experience semantics are supported by catalog-name/manual evidence
vung_tau:bai_sau,Bãi Sau,vung_tau,nature,photo_spot,0.6,CATALOG_NAME_RULE,place_catalog_v11.csv:canonical_name,canonical name indicates scenic/check-in/photo context,READY,true,semantic-v1,core identity plus experience semantics are supported by catalog-name/manual evidence
vung_tau:bai_sau,Bãi Sau,vung_tau,nature,relaxing,0.6,CATALOG_NAME_RULE,place_catalog_v11.csv:canonical_name,canonical name indicates low-pressure leisure setting,READY,true,semantic-v1,core identity plus experience semantics are supported by catalog-name/manual evidence
vung_tau:bai_sau,Bãi Sau,vung_tau,nature,scenic,0.8,CATALOG_NAME_RULE,place_catalog_v11.csv:canonical_name,canonical name indicates scenic landscape,READY,true,semantic-v1,core identity plus experience semantics are supported by catalog-name/manual evidence
vung_tau:bai_truoc,Bãi Trước,vung_tau,nature,beach,1.0,CATALOG_NAME_RULE,place_catalog_v11.csv:canonical_name,canonical name indicates beach/coast/island,READY,true,semantic-v1,core identity plus experience semantics are supported by catalog-name/manual evidence
vung_tau:bai_truoc,Bãi Trước,vung_tau,nature,nature,1.0,CATEGORY_RULE,place_catalog_v11.csv:category,category=nature,READY,true,semantic-v1,core identity plus experience semantics are supported by catalog-name/manual evidence
vung_tau:bai_truoc,Bãi Trước,vung_tau,nature,photo_spot,0.6,CATALOG_NAME_RULE,place_catalog_v11.csv:canonical_name,canonical name indicates scenic/check-in/photo context,READY,true,semantic-v1,core identity plus experience semantics are supported by catalog-name/manual evidence
vung_tau:bai_truoc,Bãi Trước,vung_tau,nature,relaxing,0.6,CATALOG_NAME_RULE,place_catalog_v11.csv:canonical_name,canonical name indicates low-pressure leisure setting,READY,true,semantic-v1,core identity plus experience semantics are supported by catalog-name/manual evidence
vung_tau:bai_truoc,Bãi Trước,vung_tau,nature,scenic,0.8,CATALOG_NAME_RULE,place_catalog_v11.csv:canonical_name,canonical name indicates scenic landscape,READY,true,semantic-v1,core identity plus experience semantics are supported by catalog-name/manual evidence
vung_tau:bien_ho_coc,Biển Hồ Cốc,vung_tau,lake,beach,1.0,CATALOG_NAME_RULE,place_catalog_v11.csv:canonical_name,canonical name indicates beach/coast/island,NEED_REVIEW,true,semantic-v1,Catalog category is lake but canonical name indicates a beach.
vung_tau:bien_ho_coc,Biển Hồ Cốc,vung_tau,lake,lake,1.0,CATEGORY_RULE,place_catalog_v11.csv:category,category=lake,NEED_REVIEW,true,semantic-v1,Catalog category is lake but canonical name indicates a beach.
vung_tau:bien_ho_coc,Biển Hồ Cốc,vung_tau,lake,nature,0.8,CATEGORY_RULE,place_catalog_v11.csv:category,category=lake,NEED_REVIEW,true,semantic-v1,Catalog category is lake but canonical name indicates a beach.
vung_tau:bien_ho_coc,Biển Hồ Cốc,vung_tau,lake,photo_spot,0.6,CATALOG_NAME_RULE,place_catalog_v11.csv:canonical_name,canonical name indicates scenic/check-in/photo context,NEED_REVIEW,true,semantic-v1,Catalog category is lake but canonical name indicates a beach.
vung_tau:bien_ho_coc,Biển Hồ Cốc,vung_tau,lake,relaxing,0.6,CATALOG_NAME_RULE,place_catalog_v11.csv:canonical_name,canonical name indicates low-pressure leisure setting,NEED_REVIEW,true,semantic-v1,Catalog category is lake but canonical name indicates a beach.
vung_tau:bien_ho_coc,Biển Hồ Cốc,vung_tau,lake,scenic,0.8,CATALOG_NAME_RULE,place_catalog_v11.csv:canonical_name,canonical name indicates scenic landscape,NEED_REVIEW,true,semantic-v1,Catalog category is lake but canonical name indicates a beach.
vung_tau:bien_ho_coc,Biển Hồ Cốc,vung_tau,lake,walking_area,0.6,CATALOG_NAME_RULE,place_catalog_v11.csv:canonical_name,canonical name indicates open strolling/walking context,NEED_REVIEW,true,semantic-v1,Catalog category is lake but canonical name indicates a beach.
vung_tau:bien_ho_tram,Biển Hồ Tràm,vung_tau,lake,beach,1.0,CATALOG_NAME_RULE,place_catalog_v11.csv:canonical_name,canonical name indicates beach/coast/island,NEED_REVIEW,true,semantic-v1,Catalog category is lake but canonical name indicates a beach.
vung_tau:bien_ho_tram,Biển Hồ Tràm,vung_tau,lake,lake,1.0,CATEGORY_RULE,place_catalog_v11.csv:category,category=lake,NEED_REVIEW,true,semantic-v1,Catalog category is lake but canonical name indicates a beach.
vung_tau:bien_ho_tram,Biển Hồ Tràm,vung_tau,lake,nature,0.8,CATEGORY_RULE,place_catalog_v11.csv:category,category=lake,NEED_REVIEW,true,semantic-v1,Catalog category is lake but canonical name indicates a beach.
vung_tau:bien_ho_tram,Biển Hồ Tràm,vung_tau,lake,photo_spot,0.6,CATALOG_NAME_RULE,place_catalog_v11.csv:canonical_name,canonical name indicates scenic/check-in/photo context,NEED_REVIEW,true,semantic-v1,Catalog category is lake but canonical name indicates a beach.
vung_tau:bien_ho_tram,Biển Hồ Tràm,vung_tau,lake,relaxing,0.6,CATALOG_NAME_RULE,place_catalog_v11.csv:canonical_name,canonical name indicates low-pressure leisure setting,NEED_REVIEW,true,semantic-v1,Catalog category is lake but canonical name indicates a beach.
vung_tau:bien_ho_tram,Biển Hồ Tràm,vung_tau,lake,scenic,0.8,CATALOG_NAME_RULE,place_catalog_v11.csv:canonical_name,canonical name indicates scenic landscape,NEED_REVIEW,true,semantic-v1,Catalog category is lake but canonical name indicates a beach.
vung_tau:bien_ho_tram,Biển Hồ Tràm,vung_tau,lake,walking_area,0.6,CATALOG_NAME_RULE,place_catalog_v11.csv:canonical_name,canonical name indicates open strolling/walking context,NEED_REVIEW,true,semantic-v1,Catalog category is lake but canonical name indicates a beach.
vung_tau:bien_long_hai,Biển Long Hải,vung_tau,nature,beach,1.0,CATALOG_NAME_RULE,place_catalog_v11.csv:canonical_name,canonical name indicates beach/coast/island,READY,true,semantic-v1,core identity plus experience semantics are supported by catalog-name/manual evidence
vung_tau:bien_long_hai,Biển Long Hải,vung_tau,nature,nature,1.0,CATEGORY_RULE,place_catalog_v11.csv:category,category=nature,READY,true,semantic-v1,core identity plus experience semantics are supported by catalog-name/manual evidence
vung_tau:bien_long_hai,Biển Long Hải,vung_tau,nature,photo_spot,0.6,CATALOG_NAME_RULE,place_catalog_v11.csv:canonical_name,canonical name indicates scenic/check-in/photo context,READY,true,semantic-v1,core identity plus experience semantics are supported by catalog-name/manual evidence
vung_tau:bien_long_hai,Biển Long Hải,vung_tau,nature,relaxing,0.6,CATALOG_NAME_RULE,place_catalog_v11.csv:canonical_name,canonical name indicates low-pressure leisure setting,READY,true,semantic-v1,core identity plus experience semantics are supported by catalog-name/manual evidence
vung_tau:bien_long_hai,Biển Long Hải,vung_tau,nature,scenic,0.8,CATALOG_NAME_RULE,place_catalog_v11.csv:canonical_name,canonical name indicates scenic landscape,READY,true,semantic-v1,core identity plus experience semantics are supported by catalog-name/manual evidence
vung_tau:bien_tropicana,Biển Tropicana,vung_tau,nature,beach,1.0,CATALOG_NAME_RULE,place_catalog_v11.csv:canonical_name,canonical name indicates beach/coast/island,READY,false,semantic-v1,core identity plus experience semantics are supported by catalog-name/manual evidence
vung_tau:bien_tropicana,Biển Tropicana,vung_tau,nature,nature,1.0,CATEGORY_RULE,place_catalog_v11.csv:category,category=nature,READY,false,semantic-v1,core identity plus experience semantics are supported by catalog-name/manual evidence
vung_tau:bien_tropicana,Biển Tropicana,vung_tau,nature,photo_spot,0.6,CATALOG_NAME_RULE,place_catalog_v11.csv:canonical_name,canonical name indicates scenic/check-in/photo context,READY,false,semantic-v1,core identity plus experience semantics are supported by catalog-name/manual evidence
vung_tau:bien_tropicana,Biển Tropicana,vung_tau,nature,relaxing,0.6,CATALOG_NAME_RULE,place_catalog_v11.csv:canonical_name,canonical name indicates low-pressure leisure setting,READY,false,semantic-v1,core identity plus experience semantics are supported by catalog-name/manual evidence
vung_tau:bien_tropicana,Biển Tropicana,vung_tau,nature,scenic,0.8,CATALOG_NAME_RULE,place_catalog_v11.csv:canonical_name,canonical name indicates scenic landscape,READY,false,semantic-v1,core identity plus experience semantics are supported by catalog-name/manual evidence
vung_tau:cau_ngam_bien_hamptons,Cầu Ngắm Biển Hamptons,vung_tau,nature,beach,1.0,CATALOG_NAME_RULE,place_catalog_v11.csv:canonical_name,canonical name indicates beach/coast/island,READY,false,semantic-v1,core identity plus experience semantics are supported by catalog-name/manual evidence
vung_tau:cau_ngam_bien_hamptons,Cầu Ngắm Biển Hamptons,vung_tau,nature,iconic,0.8,CATALOG_NAME_RULE,place_catalog_v11.csv:canonical_name,canonical name indicates iconic landmark,READY,false,semantic-v1,core identity plus experience semantics are supported by catalog-name/manual evidence
vung_tau:cau_ngam_bien_hamptons,Cầu Ngắm Biển Hamptons,vung_tau,nature,nature,1.0,CATEGORY_RULE,place_catalog_v11.csv:category,category=nature,READY,false,semantic-v1,core identity plus experience semantics are supported by catalog-name/manual evidence
vung_tau:cau_ngam_bien_hamptons,Cầu Ngắm Biển Hamptons,vung_tau,nature,photo_spot,0.6,CATALOG_NAME_RULE,place_catalog_v11.csv:canonical_name,canonical name indicates scenic/check-in/photo context,READY,false,semantic-v1,core identity plus experience semantics are supported by catalog-name/manual evidence
vung_tau:cau_ngam_bien_hamptons,Cầu Ngắm Biển Hamptons,vung_tau,nature,relaxing,0.6,CATALOG_NAME_RULE,place_catalog_v11.csv:canonical_name,canonical name indicates low-pressure leisure setting,READY,false,semantic-v1,core identity plus experience semantics are supported by catalog-name/manual evidence
vung_tau:cau_ngam_bien_hamptons,Cầu Ngắm Biển Hamptons,vung_tau,nature,scenic,0.8,CATALOG_NAME_RULE,place_catalog_v11.csv:canonical_name,canonical name indicates scenic landscape,READY,false,semantic-v1,core identity plus experience semantics are supported by catalog-name/manual evidence
vung_tau:cau_tinh_yeu_long_hai,Cầu Tình Yêu Long Hải,vung_tau,landmark,iconic,0.8,CATALOG_NAME_RULE,place_catalog_v11.csv:canonical_name,canonical name indicates iconic landmark,READY,false,semantic-v1,core identity plus experience semantics are supported by catalog-name/manual evidence
vung_tau:cau_tinh_yeu_long_hai,Cầu Tình Yêu Long Hải,vung_tau,landmark,landmark,1.0,CATEGORY_RULE,place_catalog_v11.csv:category,category=landmark,READY,false,semantic-v1,core identity plus experience semantics are supported by catalog-name/manual evidence
vung_tau:cau_tinh_yeu_long_hai,Cầu Tình Yêu Long Hải,vung_tau,landmark,photo_spot,0.8,CATEGORY_RULE,place_catalog_v11.csv:category,category=landmark,READY,false,semantic-v1,core identity plus experience semantics are supported by catalog-name/manual evidence
vung_tau:cong_vien_rung_minera,Công Viên Rừng Minera,vung_tau,nature,forest,0.8,CATALOG_NAME_RULE,place_catalog_v11.csv:canonical_name,canonical name indicates forest/national park,READY,true,semantic-v1,core identity plus experience semantics are supported by catalog-name/manual evidence
vung_tau:cong_vien_rung_minera,Công Viên Rừng Minera,vung_tau,nature,group_friendly,0.6,CATALOG_NAME_RULE,place_catalog_v11.csv:canonical_name,canonical name indicates public park/tourist area suitable for groups,READY,true,semantic-v1,core identity plus experience semantics are supported by catalog-name/manual evidence
vung_tau:cong_vien_rung_minera,Công Viên Rừng Minera,vung_tau,nature,nature,1.0,CATEGORY_RULE,place_catalog_v11.csv:category,category=nature,READY,true,semantic-v1,core identity plus experience semantics are supported by catalog-name/manual evidence
vung_tau:cong_vien_rung_minera,Công Viên Rừng Minera,vung_tau,nature,scenic,0.6,CATEGORY_RULE,place_catalog_v11.csv:category,category=nature,READY,true,semantic-v1,core identity plus experience semantics are supported by catalog-name/manual evidence
vung_tau:cong_vien_rung_minera,Công Viên Rừng Minera,vung_tau,nature,social,0.6,CATALOG_NAME_RULE,place_catalog_v11.csv:canonical_name,canonical name indicates public/group activity area,READY,true,semantic-v1,core identity plus experience semantics are supported by catalog-name/manual evidence
vung_tau:cong_vien_rung_minera,Công Viên Rừng Minera,vung_tau,nature,walking_area,0.6,CATALOG_NAME_RULE,place_catalog_v11.csv:canonical_name,canonical name indicates open strolling/walking context,READY,true,semantic-v1,core identity plus experience semantics are supported by catalog-name/manual evidence
vung_tau:dai_tong_lam,Đại Tòng Lâm,vung_tau,heritage,cultural,0.8,CATEGORY_RULE,place_catalog_v11.csv:category,category=heritage,PARTIAL,true,semantic-v1,category-derived baseline exists but enrichment evidence remains limited
vung_tau:dai_tong_lam,Đại Tòng Lâm,vung_tau,heritage,heritage,1.0,CATEGORY_RULE,place_catalog_v11.csv:category,category=heritage,PARTIAL,true,semantic-v1,category-derived baseline exists but enrichment evidence remains limited
vung_tau:dai_tong_lam,Đại Tòng Lâm,vung_tau,heritage,historical,0.8,CATEGORY_RULE,place_catalog_v11.csv:category,category=heritage,PARTIAL,true,semantic-v1,category-derived baseline exists but enrichment evidence remains limited
vung_tau:dao_long_son,Đảo Long Sơn,vung_tau,nature,beach,1.0,CATALOG_NAME_RULE,place_catalog_v11.csv:canonical_name,canonical name indicates beach/coast/island,READY,true,semantic-v1,core identity plus experience semantics are supported by catalog-name/manual evidence
vung_tau:dao_long_son,Đảo Long Sơn,vung_tau,nature,nature,1.0,CATEGORY_RULE,place_catalog_v11.csv:category,category=nature,READY,true,semantic-v1,core identity plus experience semantics are supported by catalog-name/manual evidence
vung_tau:dao_long_son,Đảo Long Sơn,vung_tau,nature,photo_spot,0.6,CATALOG_NAME_RULE,place_catalog_v11.csv:canonical_name,canonical name indicates scenic/check-in/photo context,READY,true,semantic-v1,core identity plus experience semantics are supported by catalog-name/manual evidence
vung_tau:dao_long_son,Đảo Long Sơn,vung_tau,nature,relaxing,0.6,CATALOG_NAME_RULE,place_catalog_v11.csv:canonical_name,canonical name indicates low-pressure leisure setting,READY,true,semantic-v1,core identity plus experience semantics are supported by catalog-name/manual evidence
vung_tau:dao_long_son,Đảo Long Sơn,vung_tau,nature,scenic,0.8,CATALOG_NAME_RULE,place_catalog_v11.csv:canonical_name,canonical name indicates scenic landscape,READY,true,semantic-v1,core identity plus experience semantics are supported by catalog-name/manual evidence
vung_tau:deo_nuoc_ngot,Đèo Nước Ngọt,vung_tau,nature,mountain,0.8,CATALOG_NAME_RULE,place_catalog_v11.csv:canonical_name,canonical name indicates mountain/hill/pass,READY,true,semantic-v1,core identity plus experience semantics are supported by catalog-name/manual evidence
vung_tau:deo_nuoc_ngot,Đèo Nước Ngọt,vung_tau,nature,nature,1.0,CATEGORY_RULE,place_catalog_v11.csv:category,category=nature,READY,true,semantic-v1,core identity plus experience semantics are supported by catalog-name/manual evidence
vung_tau:deo_nuoc_ngot,Đèo Nước Ngọt,vung_tau,nature,photo_spot,0.6,CATALOG_NAME_RULE,place_catalog_v11.csv:canonical_name,canonical name indicates scenic/check-in/photo context,READY,true,semantic-v1,core identity plus experience semantics are supported by catalog-name/manual evidence
vung_tau:deo_nuoc_ngot,Đèo Nước Ngọt,vung_tau,nature,scenic,0.8,CATALOG_NAME_RULE,place_catalog_v11.csv:canonical_name,canonical name indicates scenic landscape,READY,true,semantic-v1,core identity plus experience semantics are supported by catalog-name/manual evidence
vung_tau:dinh_co,Dinh Cô,vung_tau,heritage,cultural,0.8,CATEGORY_RULE,place_catalog_v11.csv:category,category=heritage,PARTIAL,true,semantic-v1,category-derived baseline exists but enrichment evidence remains limited
vung_tau:dinh_co,Dinh Cô,vung_tau,heritage,heritage,1.0,CATEGORY_RULE,place_catalog_v11.csv:category,category=heritage,PARTIAL,true,semantic-v1,category-derived baseline exists but enrichment evidence remains limited
vung_tau:dinh_co,Dinh Cô,vung_tau,heritage,historical,0.8,CATEGORY_RULE,place_catalog_v11.csv:category,category=heritage,PARTIAL,true,semantic-v1,category-derived baseline exists but enrichment evidence remains limited
vung_tau:doi_cuu_suoi_nghe,Đồi Cừu Suối Nghệ,vung_tau,nature,countryside,0.8,CATALOG_NAME_RULE,place_catalog_v11.csv:canonical_name,canonical name indicates village/farm/countryside context,READY,true,semantic-v1,core identity plus experience semantics are supported by catalog-name/manual evidence
vung_tau:doi_cuu_suoi_nghe,Đồi Cừu Suối Nghệ,vung_tau,nature,mountain,0.8,CATALOG_NAME_RULE,place_catalog_v11.csv:canonical_name,canonical name indicates mountain/hill/pass,READY,true,semantic-v1,core identity plus experience semantics are supported by catalog-name/manual evidence
vung_tau:doi_cuu_suoi_nghe,Đồi Cừu Suối Nghệ,vung_tau,nature,nature,1.0,CATEGORY_RULE,place_catalog_v11.csv:category,category=nature,READY,true,semantic-v1,core identity plus experience semantics are supported by catalog-name/manual evidence
vung_tau:doi_cuu_suoi_nghe,Đồi Cừu Suối Nghệ,vung_tau,nature,photo_spot,0.6,CATALOG_NAME_RULE,place_catalog_v11.csv:canonical_name,canonical name indicates scenic/check-in/photo context,READY,true,semantic-v1,core identity plus experience semantics are supported by catalog-name/manual evidence
vung_tau:doi_cuu_suoi_nghe,Đồi Cừu Suối Nghệ,vung_tau,nature,scenic,0.8,CATALOG_NAME_RULE,place_catalog_v11.csv:canonical_name,canonical name indicates scenic landscape,READY,true,semantic-v1,core identity plus experience semantics are supported by catalog-name/manual evidence
vung_tau:doi_cuu_suoi_nghe,Đồi Cừu Suối Nghệ,vung_tau,nature,waterfall,0.8,CATALOG_NAME_RULE,place_catalog_v11.csv:canonical_name,canonical name indicates waterfall/stream,READY,true,semantic-v1,core identity plus experience semantics are supported by catalog-name/manual evidence
vung_tau:ho_may,Hồ Mây,vung_tau,lake,lake,1.0,CATEGORY_RULE,place_catalog_v11.csv:category,category=lake,READY,true,semantic-v1,core identity plus experience semantics are supported by catalog-name/manual evidence
vung_tau:ho_may,Hồ Mây,vung_tau,lake,nature,0.8,CATEGORY_RULE,place_catalog_v11.csv:category,category=lake,READY,true,semantic-v1,core identity plus experience semantics are supported by catalog-name/manual evidence
vung_tau:ho_may,Hồ Mây,vung_tau,lake,relaxing,0.6,CATALOG_NAME_RULE,place_catalog_v11.csv:canonical_name,canonical name indicates low-pressure leisure setting,READY,true,semantic-v1,core identity plus experience semantics are supported by catalog-name/manual evidence
vung_tau:ho_may,Hồ Mây,vung_tau,lake,scenic,0.8,CATALOG_NAME_RULE,place_catalog_v11.csv:canonical_name,canonical name indicates scenic landscape,READY,true,semantic-v1,core identity plus experience semantics are supported by catalog-name/manual evidence
vung_tau:ho_may,Hồ Mây,vung_tau,lake,walking_area,0.6,CATALOG_NAME_RULE,place_catalog_v11.csv:canonical_name,canonical name indicates open strolling/walking context,READY,true,semantic-v1,core identity plus experience semantics are supported by catalog-name/manual evidence
vung_tau:ho_suoi_mo_binh_chau,Hồ Suối Mơ Bình Châu,vung_tau,lake,lake,1.0,CATEGORY_RULE,place_catalog_v11.csv:category,category=lake,READY,false,semantic-v1,core identity plus experience semantics are supported by catalog-name/manual evidence
vung_tau:ho_suoi_mo_binh_chau,Hồ Suối Mơ Bình Châu,vung_tau,lake,nature,0.8,CATEGORY_RULE,place_catalog_v11.csv:category,category=lake,READY,false,semantic-v1,core identity plus experience semantics are supported by catalog-name/manual evidence
vung_tau:ho_suoi_mo_binh_chau,Hồ Suối Mơ Bình Châu,vung_tau,lake,photo_spot,0.6,CATALOG_NAME_RULE,place_catalog_v11.csv:canonical_name,canonical name indicates scenic/check-in/photo context,READY,false,semantic-v1,core identity plus experience semantics are supported by catalog-name/manual evidence
vung_tau:ho_suoi_mo_binh_chau,Hồ Suối Mơ Bình Châu,vung_tau,lake,relaxing,0.6,CATALOG_NAME_RULE,place_catalog_v11.csv:canonical_name,canonical name indicates low-pressure leisure setting,READY,false,semantic-v1,core identity plus experience semantics are supported by catalog-name/manual evidence
vung_tau:ho_suoi_mo_binh_chau,Hồ Suối Mơ Bình Châu,vung_tau,lake,scenic,0.8,CATALOG_NAME_RULE,place_catalog_v11.csv:canonical_name,canonical name indicates scenic landscape,READY,false,semantic-v1,core identity plus experience semantics are supported by catalog-name/manual evidence
vung_tau:ho_suoi_mo_binh_chau,Hồ Suối Mơ Bình Châu,vung_tau,lake,walking_area,0.6,CATALOG_NAME_RULE,place_catalog_v11.csv:canonical_name,canonical name indicates open strolling/walking context,READY,false,semantic-v1,core identity plus experience semantics are supported by catalog-name/manual evidence
vung_tau:ho_suoi_mo_binh_chau,Hồ Suối Mơ Bình Châu,vung_tau,lake,waterfall,0.8,CATALOG_NAME_RULE,place_catalog_v11.csv:canonical_name,canonical name indicates waterfall/stream,READY,false,semantic-v1,core identity plus experience semantics are supported by catalog-name/manual evidence
vung_tau:hon_ba,Hòn Bà,vung_tau,nature,beach,1.0,CATALOG_NAME_RULE,place_catalog_v11.csv:canonical_name,canonical name indicates beach/coast/island,READY,true,semantic-v1,core identity plus experience semantics are supported by catalog-name/manual evidence
vung_tau:hon_ba,Hòn Bà,vung_tau,nature,nature,1.0,CATEGORY_RULE,place_catalog_v11.csv:category,category=nature,READY,true,semantic-v1,core identity plus experience semantics are supported by catalog-name/manual evidence
vung_tau:hon_ba,Hòn Bà,vung_tau,nature,photo_spot,0.6,CATALOG_NAME_RULE,place_catalog_v11.csv:canonical_name,canonical name indicates scenic/check-in/photo context,READY,true,semantic-v1,core identity plus experience semantics are supported by catalog-name/manual evidence
vung_tau:hon_ba,Hòn Bà,vung_tau,nature,relaxing,0.6,CATALOG_NAME_RULE,place_catalog_v11.csv:canonical_name,canonical name indicates low-pressure leisure setting,READY,true,semantic-v1,core identity plus experience semantics are supported by catalog-name/manual evidence
vung_tau:hon_ba,Hòn Bà,vung_tau,nature,scenic,0.8,CATALOG_NAME_RULE,place_catalog_v11.csv:canonical_name,canonical name indicates scenic landscape,READY,true,semantic-v1,core identity plus experience semantics are supported by catalog-name/manual evidence
vung_tau:kdl_bien_dong,KDL Biển Đông,vung_tau,nature,beach,1.0,CATALOG_NAME_RULE,place_catalog_v11.csv:canonical_name,canonical name indicates beach/coast/island,READY,false,semantic-v1,core identity plus experience semantics are supported by catalog-name/manual evidence
vung_tau:kdl_bien_dong,KDL Biển Đông,vung_tau,nature,group_friendly,0.6,CATALOG_NAME_RULE,place_catalog_v11.csv:canonical_name,canonical name indicates public park/tourist area suitable for groups,READY,false,semantic-v1,core identity plus experience semantics are supported by catalog-name/manual evidence
vung_tau:kdl_bien_dong,KDL Biển Đông,vung_tau,nature,nature,1.0,CATEGORY_RULE,place_catalog_v11.csv:category,category=nature,READY,false,semantic-v1,core identity plus experience semantics are supported by catalog-name/manual evidence
vung_tau:kdl_bien_dong,KDL Biển Đông,vung_tau,nature,photo_spot,0.6,CATALOG_NAME_RULE,place_catalog_v11.csv:canonical_name,canonical name indicates scenic/check-in/photo context,READY,false,semantic-v1,core identity plus experience semantics are supported by catalog-name/manual evidence
vung_tau:kdl_bien_dong,KDL Biển Đông,vung_tau,nature,relaxing,0.6,CATALOG_NAME_RULE,place_catalog_v11.csv:canonical_name,canonical name indicates low-pressure leisure setting,READY,false,semantic-v1,core identity plus experience semantics are supported by catalog-name/manual evidence
vung_tau:kdl_bien_dong,KDL Biển Đông,vung_tau,nature,scenic,0.8,CATALOG_NAME_RULE,place_catalog_v11.csv:canonical_name,canonical name indicates scenic landscape,READY,false,semantic-v1,core identity plus experience semantics are supported by catalog-name/manual evidence
vung_tau:kdl_bien_dong,KDL Biển Đông,vung_tau,nature,social,0.6,CATALOG_NAME_RULE,place_catalog_v11.csv:canonical_name,canonical name indicates public/group activity area,READY,false,semantic-v1,core identity plus experience semantics are supported by catalog-name/manual evidence
vung_tau:kdl_ngoc_xuong,KDL Ngọc Xương,vung_tau,landmark,group_friendly,0.6,CATALOG_NAME_RULE,place_catalog_v11.csv:canonical_name,canonical name indicates public park/tourist area suitable for groups,READY,false,semantic-v1,core identity plus experience semantics are supported by catalog-name/manual evidence
vung_tau:kdl_ngoc_xuong,KDL Ngọc Xương,vung_tau,landmark,iconic,0.6,CATEGORY_RULE,place_catalog_v11.csv:category,category=landmark,READY,false,semantic-v1,core identity plus experience semantics are supported by catalog-name/manual evidence
vung_tau:kdl_ngoc_xuong,KDL Ngọc Xương,vung_tau,landmark,landmark,1.0,CATEGORY_RULE,place_catalog_v11.csv:category,category=landmark,READY,false,semantic-v1,core identity plus experience semantics are supported by catalog-name/manual evidence
vung_tau:kdl_ngoc_xuong,KDL Ngọc Xương,vung_tau,landmark,photo_spot,0.8,CATEGORY_RULE,place_catalog_v11.csv:category,category=landmark,READY,false,semantic-v1,core identity plus experience semantics are supported by catalog-name/manual evidence
vung_tau:kdl_ngoc_xuong,KDL Ngọc Xương,vung_tau,landmark,social,0.6,CATALOG_NAME_RULE,place_catalog_v11.csv:canonical_name,canonical name indicates public/group activity area,READY,false,semantic-v1,core identity plus experience semantics are supported by catalog-name/manual evidence
vung_tau:khu_gieng_troi_binh_chau,Khu Giếng Trời Bình Châu,vung_tau,landmark,iconic,0.6,CATEGORY_RULE,place_catalog_v11.csv:category,category=landmark,PARTIAL,false,semantic-v1,category-derived baseline exists but enrichment evidence remains limited
vung_tau:khu_gieng_troi_binh_chau,Khu Giếng Trời Bình Châu,vung_tau,landmark,landmark,1.0,CATEGORY_RULE,place_catalog_v11.csv:category,category=landmark,PARTIAL,false,semantic-v1,category-derived baseline exists but enrichment evidence remains limited
vung_tau:khu_gieng_troi_binh_chau,Khu Giếng Trời Bình Châu,vung_tau,landmark,photo_spot,0.8,CATEGORY_RULE,place_catalog_v11.csv:category,category=landmark,PARTIAL,false,semantic-v1,category-derived baseline exists but enrichment evidence remains limited
vung_tau:lang_ca_ong,Lăng Cá Ông,vung_tau,heritage,countryside,0.8,CATALOG_NAME_RULE,place_catalog_v11.csv:canonical_name,canonical name indicates village/farm/countryside context,READY,false,semantic-v1,core identity plus experience semantics are supported by catalog-name/manual evidence
vung_tau:lang_ca_ong,Lăng Cá Ông,vung_tau,heritage,cultural,0.8,CATEGORY_RULE,place_catalog_v11.csv:category,category=heritage,READY,false,semantic-v1,core identity plus experience semantics are supported by catalog-name/manual evidence
vung_tau:lang_ca_ong,Lăng Cá Ông,vung_tau,heritage,heritage,1.0,CATEGORY_RULE,place_catalog_v11.csv:category,category=heritage,READY,false,semantic-v1,core identity plus experience semantics are supported by catalog-name/manual evidence
vung_tau:lang_ca_ong,Lăng Cá Ông,vung_tau,heritage,historical,0.8,CATEGORY_RULE,place_catalog_v11.csv:category,category=heritage,READY,false,semantic-v1,core identity plus experience semantics are supported by catalog-name/manual evidence
vung_tau:lang_ca_ong,Lăng Cá Ông,vung_tau,heritage,local,0.8,CATALOG_NAME_RULE,place_catalog_v11.csv:canonical_name,canonical name indicates local discovery context,READY,false,semantic-v1,core identity plus experience semantics are supported by catalog-name/manual evidence
vung_tau:lang_ca_ong,Lăng Cá Ông,vung_tau,heritage,local_culture,0.6,CATALOG_NAME_RULE,place_catalog_v11.csv:canonical_name,canonical name indicates local/community cultural experience,READY,false,semantic-v1,core identity plus experience semantics are supported by catalog-name/manual evidence
vung_tau:marina_vung_tau,Marina Vũng Tàu,vung_tau,landmark,iconic,0.6,CATEGORY_RULE,place_catalog_v11.csv:category,category=landmark,PARTIAL,true,semantic-v1,category-derived baseline exists but enrichment evidence remains limited
vung_tau:marina_vung_tau,Marina Vũng Tàu,vung_tau,landmark,landmark,1.0,CATEGORY_RULE,place_catalog_v11.csv:category,category=landmark,PARTIAL,true,semantic-v1,category-derived baseline exists but enrichment evidence remains limited
vung_tau:marina_vung_tau,Marina Vũng Tàu,vung_tau,landmark,photo_spot,0.8,CATEGORY_RULE,place_catalog_v11.csv:category,category=landmark,PARTIAL,true,semantic-v1,category-derived baseline exists but enrichment evidence remains limited
vung_tau:mui_nghinh_phong,Mũi Nghinh Phong,vung_tau,nature,beach,1.0,CATALOG_NAME_RULE,place_catalog_v11.csv:canonical_name,canonical name indicates beach/coast/island,READY,true,semantic-v1,core identity plus experience semantics are supported by catalog-name/manual evidence
vung_tau:mui_nghinh_phong,Mũi Nghinh Phong,vung_tau,nature,nature,1.0,CATEGORY_RULE,place_catalog_v11.csv:category,category=nature,READY,true,semantic-v1,core identity plus experience semantics are supported by catalog-name/manual evidence
vung_tau:mui_nghinh_phong,Mũi Nghinh Phong,vung_tau,nature,photo_spot,0.6,CATALOG_NAME_RULE,place_catalog_v11.csv:canonical_name,canonical name indicates scenic/check-in/photo context,READY,true,semantic-v1,core identity plus experience semantics are supported by catalog-name/manual evidence
vung_tau:mui_nghinh_phong,Mũi Nghinh Phong,vung_tau,nature,relaxing,0.6,CATALOG_NAME_RULE,place_catalog_v11.csv:canonical_name,canonical name indicates low-pressure leisure setting,READY,true,semantic-v1,core identity plus experience semantics are supported by catalog-name/manual evidence
vung_tau:mui_nghinh_phong,Mũi Nghinh Phong,vung_tau,nature,scenic,0.8,CATALOG_NAME_RULE,place_catalog_v11.csv:canonical_name,canonical name indicates scenic landscape,READY,true,semantic-v1,core identity plus experience semantics are supported by catalog-name/manual evidence
vung_tau:ngon_hai_dang_vung_tau,Ngọn Hải Đăng Vũng Tàu,vung_tau,landmark,iconic,0.8,CATALOG_NAME_RULE,place_catalog_v11.csv:canonical_name,canonical name indicates iconic landmark,READY,true,semantic-v1,core identity plus experience semantics are supported by catalog-name/manual evidence
vung_tau:ngon_hai_dang_vung_tau,Ngọn Hải Đăng Vũng Tàu,vung_tau,landmark,landmark,1.0,CATEGORY_RULE,place_catalog_v11.csv:category,category=landmark,READY,true,semantic-v1,core identity plus experience semantics are supported by catalog-name/manual evidence
vung_tau:ngon_hai_dang_vung_tau,Ngọn Hải Đăng Vũng Tàu,vung_tau,landmark,photo_spot,0.8,CATEGORY_RULE,place_catalog_v11.csv:category,category=landmark,READY,true,semantic-v1,core identity plus experience semantics are supported by catalog-name/manual evidence
vung_tau:nha_lon_long_son,Nhà Lớn Long Sơn,vung_tau,heritage,cultural,0.8,CATEGORY_RULE,place_catalog_v11.csv:category,category=heritage,PARTIAL,true,semantic-v1,category-derived baseline exists but enrichment evidence remains limited
vung_tau:nha_lon_long_son,Nhà Lớn Long Sơn,vung_tau,heritage,heritage,1.0,CATEGORY_RULE,place_catalog_v11.csv:category,category=heritage,PARTIAL,true,semantic-v1,category-derived baseline exists but enrichment evidence remains limited
vung_tau:nha_lon_long_son,Nhà Lớn Long Sơn,vung_tau,heritage,historical,0.8,CATEGORY_RULE,place_catalog_v11.csv:category,category=heritage,PARTIAL,true,semantic-v1,category-derived baseline exists but enrichment evidence remains limited
vung_tau:niet_ban_tinh_xa,Niết Bàn Tịnh Xá,vung_tau,heritage,countryside,0.8,CATALOG_NAME_RULE,place_catalog_v11.csv:canonical_name,canonical name indicates village/farm/countryside context,READY,true,semantic-v1,core identity plus experience semantics are supported by catalog-name/manual evidence
vung_tau:niet_ban_tinh_xa,Niết Bàn Tịnh Xá,vung_tau,heritage,cultural,0.8,CATEGORY_RULE,place_catalog_v11.csv:category,category=heritage,READY,true,semantic-v1,core identity plus experience semantics are supported by catalog-name/manual evidence
vung_tau:niet_ban_tinh_xa,Niết Bàn Tịnh Xá,vung_tau,heritage,heritage,1.0,CATEGORY_RULE,place_catalog_v11.csv:category,category=heritage,READY,true,semantic-v1,core identity plus experience semantics are supported by catalog-name/manual evidence
vung_tau:niet_ban_tinh_xa,Niết Bàn Tịnh Xá,vung_tau,heritage,historical,0.8,CATEGORY_RULE,place_catalog_v11.csv:category,category=heritage,READY,true,semantic-v1,core identity plus experience semantics are supported by catalog-name/manual evidence
vung_tau:niet_ban_tinh_xa,Niết Bàn Tịnh Xá,vung_tau,heritage,local,0.8,CATALOG_NAME_RULE,place_catalog_v11.csv:canonical_name,canonical name indicates local discovery context,READY,true,semantic-v1,core identity plus experience semantics are supported by catalog-name/manual evidence
vung_tau:niet_ban_tinh_xa,Niết Bàn Tịnh Xá,vung_tau,heritage,local_culture,0.6,CATALOG_NAME_RULE,place_catalog_v11.csv:canonical_name,canonical name indicates local/community cultural experience,READY,true,semantic-v1,core identity plus experience semantics are supported by catalog-name/manual evidence
vung_tau:nong_trai_cuu,Nông Trại Cừu,vung_tau,landmark,countryside,0.8,CATALOG_NAME_RULE,place_catalog_v11.csv:canonical_name,canonical name indicates village/farm/countryside context,READY,false,semantic-v1,core identity plus experience semantics are supported by catalog-name/manual evidence
vung_tau:nong_trai_cuu,Nông Trại Cừu,vung_tau,landmark,iconic,0.6,CATEGORY_RULE,place_catalog_v11.csv:category,category=landmark,READY,false,semantic-v1,core identity plus experience semantics are supported by catalog-name/manual evidence
vung_tau:nong_trai_cuu,Nông Trại Cừu,vung_tau,landmark,landmark,1.0,CATEGORY_RULE,place_catalog_v11.csv:category,category=landmark,READY,false,semantic-v1,core identity plus experience semantics are supported by catalog-name/manual evidence
vung_tau:nong_trai_cuu,Nông Trại Cừu,vung_tau,landmark,nature,0.8,CATALOG_NAME_RULE,place_catalog_v11.csv:canonical_name,canonical name indicates garden/farm/flower/island/natural landscape,READY,false,semantic-v1,core identity plus experience semantics are supported by catalog-name/manual evidence
vung_tau:nong_trai_cuu,Nông Trại Cừu,vung_tau,landmark,photo_spot,0.8,CATEGORY_RULE,place_catalog_v11.csv:category,category=landmark,READY,false,semantic-v1,core identity plus experience semantics are supported by catalog-name/manual evidence
vung_tau:nui_minh_dam,Núi Minh Đạm,vung_tau,nature,mountain,0.8,CATALOG_NAME_RULE,place_catalog_v11.csv:canonical_name,canonical name indicates mountain/hill/pass,READY,false,semantic-v1,core identity plus experience semantics are supported by catalog-name/manual evidence
vung_tau:nui_minh_dam,Núi Minh Đạm,vung_tau,nature,nature,1.0,CATEGORY_RULE,place_catalog_v11.csv:category,category=nature,READY,false,semantic-v1,core identity plus experience semantics are supported by catalog-name/manual evidence
vung_tau:nui_minh_dam,Núi Minh Đạm,vung_tau,nature,photo_spot,0.6,CATALOG_NAME_RULE,place_catalog_v11.csv:canonical_name,canonical name indicates scenic/check-in/photo context,READY,false,semantic-v1,core identity plus experience semantics are supported by catalog-name/manual evidence
vung_tau:nui_minh_dam,Núi Minh Đạm,vung_tau,nature,scenic,0.6,CATEGORY_RULE,place_catalog_v11.csv:category,category=nature,READY,false,semantic-v1,core identity plus experience semantics are supported by catalog-name/manual evidence
vung_tau:suoi_da,Suối Đá,vung_tau,nature,nature,1.0,CATEGORY_RULE,place_catalog_v11.csv:category,category=nature,READY,true,semantic-v1,core identity plus experience semantics are supported by catalog-name/manual evidence
vung_tau:suoi_da,Suối Đá,vung_tau,nature,photo_spot,0.6,CATALOG_NAME_RULE,place_catalog_v11.csv:canonical_name,canonical name indicates scenic/check-in/photo context,READY,true,semantic-v1,core identity plus experience semantics are supported by catalog-name/manual evidence
vung_tau:suoi_da,Suối Đá,vung_tau,nature,scenic,0.8,CATALOG_NAME_RULE,place_catalog_v11.csv:canonical_name,canonical name indicates scenic landscape,READY,true,semantic-v1,core identity plus experience semantics are supported by catalog-name/manual evidence
vung_tau:suoi_da,Suối Đá,vung_tau,nature,waterfall,0.8,CATALOG_NAME_RULE,place_catalog_v11.csv:canonical_name,canonical name indicates waterfall/stream,READY,true,semantic-v1,core identity plus experience semantics are supported by catalog-name/manual evidence
vung_tau:suoi_nuoc_nong_binh_chau,Suối Nước Nóng Bình Châu,vung_tau,nature,nature,1.0,CATEGORY_RULE,place_catalog_v11.csv:category,category=nature,READY,true,semantic-v1,core identity plus experience semantics are supported by catalog-name/manual evidence
vung_tau:suoi_nuoc_nong_binh_chau,Suối Nước Nóng Bình Châu,vung_tau,nature,photo_spot,0.6,CATALOG_NAME_RULE,place_catalog_v11.csv:canonical_name,canonical name indicates scenic/check-in/photo context,READY,true,semantic-v1,core identity plus experience semantics are supported by catalog-name/manual evidence
vung_tau:suoi_nuoc_nong_binh_chau,Suối Nước Nóng Bình Châu,vung_tau,nature,relaxing,0.6,CATALOG_NAME_RULE,place_catalog_v11.csv:canonical_name,canonical name indicates low-pressure leisure setting,READY,true,semantic-v1,core identity plus experience semantics are supported by catalog-name/manual evidence
vung_tau:suoi_nuoc_nong_binh_chau,Suối Nước Nóng Bình Châu,vung_tau,nature,resort_spa,0.8,CATALOG_NAME_RULE,place_catalog_v11.csv:canonical_name,canonical name indicates resort/spa/hot-spring orientation,READY,true,semantic-v1,core identity plus experience semantics are supported by catalog-name/manual evidence
vung_tau:suoi_nuoc_nong_binh_chau,Suối Nước Nóng Bình Châu,vung_tau,nature,scenic,0.8,CATALOG_NAME_RULE,place_catalog_v11.csv:canonical_name,canonical name indicates scenic landscape,READY,true,semantic-v1,core identity plus experience semantics are supported by catalog-name/manual evidence
vung_tau:suoi_nuoc_nong_binh_chau,Suối Nước Nóng Bình Châu,vung_tau,nature,waterfall,0.8,CATALOG_NAME_RULE,place_catalog_v11.csv:canonical_name,canonical name indicates waterfall/stream,READY,true,semantic-v1,core identity plus experience semantics are supported by catalog-name/manual evidence
vung_tau:thap_tam_thang,Tháp Tam Thắng,vung_tau,heritage,cultural,0.8,CATEGORY_RULE,place_catalog_v11.csv:category,category=heritage,PARTIAL,true,semantic-v1,category-derived baseline exists but enrichment evidence remains limited
vung_tau:thap_tam_thang,Tháp Tam Thắng,vung_tau,heritage,heritage,1.0,CATEGORY_RULE,place_catalog_v11.csv:category,category=heritage,PARTIAL,true,semantic-v1,category-derived baseline exists but enrichment evidence remains limited
vung_tau:thap_tam_thang,Tháp Tam Thắng,vung_tau,heritage,historical,0.8,CATEGORY_RULE,place_catalog_v11.csv:category,category=heritage,PARTIAL,true,semantic-v1,category-derived baseline exists but enrichment evidence remains limited
vung_tau:thap_vong_thien,Tháp Vọng Thiên,vung_tau,heritage,cultural,0.8,CATEGORY_RULE,place_catalog_v11.csv:category,category=heritage,PARTIAL,false,semantic-v1,category-derived baseline exists but enrichment evidence remains limited
vung_tau:thap_vong_thien,Tháp Vọng Thiên,vung_tau,heritage,heritage,1.0,CATEGORY_RULE,place_catalog_v11.csv:category,category=heritage,PARTIAL,false,semantic-v1,category-derived baseline exists but enrichment evidence remains limited
vung_tau:thap_vong_thien,Tháp Vọng Thiên,vung_tau,heritage,historical,0.8,CATEGORY_RULE,place_catalog_v11.csv:category,category=heritage,PARTIAL,false,semantic-v1,category-derived baseline exists but enrichment evidence remains limited
vung_tau:thich_ca_phat_dai,Thích Ca Phật Đài,vung_tau,landmark,iconic,0.6,CATEGORY_RULE,place_catalog_v11.csv:category,category=landmark,PARTIAL,true,semantic-v1,category-derived baseline exists but enrichment evidence remains limited
vung_tau:thich_ca_phat_dai,Thích Ca Phật Đài,vung_tau,landmark,landmark,1.0,CATEGORY_RULE,place_catalog_v11.csv:category,category=landmark,PARTIAL,true,semantic-v1,category-derived baseline exists but enrichment evidence remains limited
vung_tau:thich_ca_phat_dai,Thích Ca Phật Đài,vung_tau,landmark,photo_spot,0.8,CATEGORY_RULE,place_catalog_v11.csv:category,category=landmark,PARTIAL,true,semantic-v1,category-derived baseline exists but enrichment evidence remains limited
vung_tau:thien_vien_thuong_chieu,Thiền Viện Thường Chiếu,vung_tau,heritage,cultural,0.8,CATEGORY_RULE,place_catalog_v11.csv:category,category=heritage,PARTIAL,true,semantic-v1,category-derived baseline exists but enrichment evidence remains limited
vung_tau:thien_vien_thuong_chieu,Thiền Viện Thường Chiếu,vung_tau,heritage,heritage,1.0,CATEGORY_RULE,place_catalog_v11.csv:category,category=heritage,PARTIAL,true,semantic-v1,category-derived baseline exists but enrichment evidence remains limited
vung_tau:thien_vien_thuong_chieu,Thiền Viện Thường Chiếu,vung_tau,heritage,historical,0.8,CATEGORY_RULE,place_catalog_v11.csv:category,category=heritage,PARTIAL,true,semantic-v1,category-derived baseline exists but enrichment evidence remains limited
vung_tau:thien_vien_truc_lam_chan_nguyen,Thiền Viện Trúc Lâm Chân Nguyên,vung_tau,heritage,cultural,0.8,CATEGORY_RULE,place_catalog_v11.csv:category,category=heritage,PARTIAL,true,semantic-v1,category-derived baseline exists but enrichment evidence remains limited
vung_tau:thien_vien_truc_lam_chan_nguyen,Thiền Viện Trúc Lâm Chân Nguyên,vung_tau,heritage,heritage,1.0,CATEGORY_RULE,place_catalog_v11.csv:category,category=heritage,PARTIAL,true,semantic-v1,category-derived baseline exists but enrichment evidence remains limited
vung_tau:thien_vien_truc_lam_chan_nguyen,Thiền Viện Trúc Lâm Chân Nguyên,vung_tau,heritage,historical,0.8,CATEGORY_RULE,place_catalog_v11.csv:category,category=heritage,PARTIAL,true,semantic-v1,category-derived baseline exists but enrichment evidence remains limited
vung_tau:tuong_chua_kito,Tượng Chúa Kitô,vung_tau,heritage,cultural,0.8,CATEGORY_RULE,place_catalog_v11.csv:category,category=heritage,READY,true,semantic-v1,core identity plus experience semantics are supported by catalog-name/manual evidence
vung_tau:tuong_chua_kito,Tượng Chúa Kitô,vung_tau,heritage,heritage,1.0,CATEGORY_RULE,place_catalog_v11.csv:category,category=heritage,READY,true,semantic-v1,core identity plus experience semantics are supported by catalog-name/manual evidence
vung_tau:tuong_chua_kito,Tượng Chúa Kitô,vung_tau,heritage,historical,0.8,CATEGORY_RULE,place_catalog_v11.csv:category,category=heritage,READY,true,semantic-v1,core identity plus experience semantics are supported by catalog-name/manual evidence
vung_tau:tuong_chua_kito,Tượng Chúa Kitô,vung_tau,heritage,iconic,0.8,CATALOG_NAME_RULE,place_catalog_v11.csv:canonical_name,canonical name indicates iconic landmark,READY,true,semantic-v1,core identity plus experience semantics are supported by catalog-name/manual evidence
vung_tau:tuong_chua_kito,Tượng Chúa Kitô,vung_tau,heritage,photo_spot,0.6,CATALOG_NAME_RULE,place_catalog_v11.csv:canonical_name,canonical name indicates scenic/check-in/photo context,READY,true,semantic-v1,core identity plus experience semantics are supported by catalog-name/manual evidence
